,5.25%,5.250%,"129,357.95","1,819.44","1,300.00","4,999.17","4,070.00","5,000.00","3,963.20",,"5,000.00","6,624.77","3,420.10"," 2,500.00 "," 5,000.00 ","5,000.00","2,718.58","4,752.37","4,000.00","4,902.00","4,999.00","4,845.00","4,999.05","5,000.00","5,000.00","5,000.00",,,"4,977.27","5,000.00","5,000.00","4,500.00","5,000.00",,"4,968.00",,,,,,"5,000.00",,,,,,,,,,,,,,,,,,,,,,,,,,
,,,Role ?,10.25%,5.25%,5.25%,5.25%,0.00%,5.25%,5.25%,5.25%,5.25%,5.25%,5.25%,5.25%,5.25%,5.25%,5.25%,5.25%,5.25%,5.25%,5.25%,5.25%,5.25%,5.25%,5.25%,5.25%,5.25%,5.25%,5.25%,5.25%,5.25%,5.25%,5.25%,10.25%,5.25%,15.25%,5.25%,9.25%,5.25%,20.25%,11.25%,5.25%,5.25%,5.25%,5.25%,0.00%,0.00%,0.00%,0.00%,0.00%,0.00%,0.00%,,,,,,,,,,,,,,
,,,,,,,,,,,,,,,,,,,,,,,,,,,,,,,,,,,,,,,,,,,,,,,,,,,,,,,,,,,,,,,,,,,
,,," 5,630,707.74 "," 361,044.67 "," 418,601.37 "," 228,629.86 "," 148,000.00 "," 500,000.00 "," 418,416.00 "," 285,206.25 "," 344,244.55 "," 344,244.55 "," 347,779.77 "," 340,633.13 "," 300,000.00 ", -   ," 122,692.50 "," 91,481.25 "," 80,649.87 "," 86,120.69 "," 54,580.78 "," 45,417.75 "," 49,938.00 "," 49,960.00 "," 45,418.00 "," 45,417.75 "," 45,417.75 "," 45,417.75 "," 45,417.75 "," 42,200.00 "," 42,200.00 "," 42,200.00 "," 42,200.00 "," 42,200.00 "," 125,179.83 "," 49,834.63 "," 52,575.53 "," 43,243.27 "," 34,857.00 "," 39,000.00 "," 37,000.00 "," 32,287.50 "," 37,000.00 "," 44,000.00 "," 44,000.00 "," 36,000.00 "," 55,000.00 ", -   ,,,,,,,,,,,,,,,,,,,
,,,,1,2,3,4,5,6,7,7,8,9,10,11,13,12,13,14,15,16,17,18,19,20,21,22,23,24,25,26,27,28,29,30,31,32,33,34,35,36,37,38,39,40,41,42,43,44,45,46,47,48,,,,,,,,,,,,,,
,,,," 37,007.08 "," 21,976.57 "," 12,003.07 "," 7,770.00 "," 50,000.00 "," 21,966.84 "," (285,206.25)"," (344,244.55)"," 18,072.84 "," 18,258.44 "," 17,883.24 "," 15,750.00 "," 250,000.00 "," 6,441.36 "," 4,802.77 "," 4,234.12 "," 4,521.34 "," 2,865.49 "," 2,384.43 "," 2,621.75 "," 2,622.90 "," 2,384.45 "," 2,384.43 ",,,,,,,,," 18,268.15 "," 2,616.32 "," 8,017.77 "," 2,270.27 "," 3,224.27 "," 2,047.50 "," 7,492.50 "," 3,632.34 "," 1,942.50 ",," 2,310.00 ",,,,,,,,,,,,,,,,,,,,,,
,,379000,TOTAL,,,,,,,,,,,,,,,,,,,,,,,,,,,,,,,,,,,,,,,,,,,,,,,,,,,,,,,,,,,,,,,,
,,"-39,416.00 ",,1000,1001,1002,1003,1004,1005,1006,1007,1008,1009,1010,1011,1012,1013,1014,1015,1016,1017,1018,1019,1020,1021,1022,1023,1024,1025,1026,1027,1028,1029,1030,1031,1032,1033,1034,1035,1036,1037,1038,1039,1040,1041,1042,1043,1044,1045,1046,1047,1048,1049,55000, -   ,,,,,,,,,,,,
BASIC SALARY,," 430,732.86 "," 6,061,440.60 "," 398,051.75 "," 440,577.94 "," 240,632.93 "," 155,770.00 "," 550,000.00 "," 440,382.84 ",," 400,000.00 "," 362,317.38 "," 366,038.21 "," 358,516.36 "," 315,750.00 "," 250,000.00 "," 129,133.86 "," 96,284.02 "," 84,883.99 "," 90,642.03 "," 57,446.27 "," 47,802.18 "," 52,559.75 "," 52,582.89 "," 47,802.45 "," 47,802.18 ", -   ,," 47,802.18 "," 44,415.50 "," 44,415.50 "," 44,415.50 "," 44,415.50 ", -   ," 143,447.99 "," 52,450.94 "," 60,593.30 "," 45,513.54 "," 38,081.27 "," 41,047.50 "," 44,492.50 "," 35,919.84 "," 38,942.50 "," 46,310.00 "," 46,310.00 "," 37,890.00 "," 55,000.00 "," 45,000.00 "," 24,000.00 "," 24,000.00 "," 24,000.00 "," 24,000.00 "," 24,000.00 "," 41,250.00 ",,,,,,,,,,,,,
Arrears, -   ,-9.42%, -   ,,,,,,,,,,,,,,,,,,,,,,,,,,,,,,,,,,,,,,,,,,,,,,,,,,,,,,,,,,,,,,,,
Tax compensation, -   ,," 271,955.95 ", -   , -   , -   ,,," 57,039.51 ", -   , -   ," 53,729.11 "," 53,729.11 "," 53,729.11 "," 53,729.11 ", -   , -   , -   , -   , -   , -   , -   , -   , -   , -   , -   , -   , -   , -   , -   , -   , -   , -   , -   , -   , -   , -   , -   , -   , -   , -   , -   , -   , -   , -   , -   , -   , -   , -   , -   , -   , -   , -   ,,,,,,,,,,,,,,
Mobile phone-Benefit,157716,," 38,807.39 ", 545.83 , 390.00 ," 1,499.75 "," 1,221.00 "," 1,500.00 "," 1,188.96 ", -   ," 1,500.00 "," 1,987.43 "," 1,026.03 ", 750.00 ," 1,500.00 "," 1,500.00 ", 815.57 ," 1,425.71 "," 1,200.00 "," 1,470.60 "," 1,499.70 "," 1,453.50 "," 1,499.72 "," 1,500.00 "," 1,500.00 "," 1,500.00 ", -   , -   ," 1,493.18 "," 1,500.00 "," 1,500.00 "," 1,350.00 "," 1,500.00 ", -   ," 1,490.40 ", -   , -   , -   , -   , -   ," 1,500.00 ", -   ,,,,,,,,,,,,40, 69.00 ,34,,,,,,,,,,,
Meals benefit,,," 15,000.00 ",,, 600.00 , 600.00 , -   ,,,,,,,, -   , 600.00 , 600.00 , 600.00 ,,, 600.00 ,,,,,,,,,,,,, 600.00 , 600.00 , 600.00 , 600.00 , 600.00 , 600.00 , 600.00 , 600.00 , 600.00 , 600.00 , 600.00 , 600.00 , 600.00 , 600.00 , 600.00 , 600.00 , 600.00 , 600.00 , 600.00 ,,,,,,,,,,,,,,
Car/FBT benefit,"-157,716.00 "," 735,284.26 "," 681,476.88 ",,," 6,666.67 "," 6,666.67 ",," 160,005.16 ",,," 125,367.93 "," 125,367.93 "," 125,367.93 "," 125,367.93 ",," 6,666.67 ",,,,,,,,,,,,,,,,,,,,,,,,,,,,,,,,,,,,,,,,,,,,,,,,,,
OT allowance,,," 27,353.83 ", -   , -   , -   , -   , -   , -   , -   , -   , -   , -   , -   , -   , -   , -   ,,,,,,,,,,,,,,,,,,," 10,728.60 ", -   ," 1,163.70 ", -   , -   , -   , -   ," 2,987.07 ", -   , -   , 968.78 , -   ," 2,301.14 "," 1,227.27 "," 3,272.73 "," 2,454.55 "," 1,636.36 ", 613.64 ," 27,353.83 "," 44,851.52 "," 28,237.78 ",,,,,,, -   ,,,,
Bonus/Gain share/Commission," 6,378,341.66 "," 299,309.78 ", -   ,,,,, -   ,,, -   ,,,,,,,,,,,,,,,,,,,,,,,,,,,,,,,,,,,, -   , -   , -   , -   , -   , -   , -   ,,," 14,154.28 ",,,,,,,,,,,
Transport allowance," 6,133,879.16 ",," 97,869.87 ", -   ,," 5,437.22 "," 5,437.22 ",,,,,,,,, -   ," 5,437.22 "," 5,437.22 "," 5,437.22 ",,,, -   ,,,,,,,,,,,,," 5,437.22 "," 5,437.22 "," 5,437.22 "," 5,437.22 "," 5,437.22 "," 5,437.22 "," 5,437.22 "," 5,437.22 "," 5,437.22 "," 5,437.22 "," 5,437.22 "," 5,437.22 "," 5,437.22 ",,,,,,,,,,,,,,,,,,,
Severance/Ex-gratia/Service,,, -   , -   , -   , -   , -   , -   , -   ,,, -   , -   , -   , -   , -   , -   , -   , -   , -   , -   , -   , -   , -   , -   , -   , -   , -   , -   , -   , -   , -   , -   , -   , -   , -   , -   , -   , -   , -   , -   , -   , -   , -   , -   , -   , -   , -   , -   , -   , -   , -   , -   ,,,,,,,,,,,,,,
https://www.kra.go.ke/news-center/public-notices/2104-fringe-benefit-tax-and-deemed-interest-rate-4,,," 735,284.26 ", 545.83 , 390.00 ," 8,766.42 "," 8,487.67 "," 1,500.00 "," 161,194.12 ", -   ," 1,500.00 "," 127,355.36 "," 126,393.96 "," 126,117.93 "," 126,867.93 "," 1,500.00 "," 8,082.24 "," 2,025.71 "," 1,800.00 "," 1,470.60 "," 1,499.70 "," 2,053.50 "," 1,499.72 "," 1,500.00 "," 1,500.00 "," 1,500.00 ", -   , -   ," 1,493.18 "," 1,500.00 "," 1,500.00 "," 1,350.00 "," 1,500.00 ", -   ," 2,090.40 ", 600.00 , 600.00 , 600.00 , 600.00 , 600.00 ," 2,100.00 ", 600.00 , 600.00 , 600.00 , 600.00 , 600.00 , 600.00 , 600.00 , 600.00 , 600.00 , 600.00 , 600.00 , 600.00 ,,,,,,,,,,,,,,
GROSS SALARY,," 6,458,620.25 "," 7,193,904.51 "," 398,597.58 "," 440,967.94 "," 254,836.56 "," 169,694.88 "," 551,500.00 "," 658,616.47 ", -   ," 401,500.00 "," 543,401.86 "," 546,161.28 "," 538,363.40 "," 496,347.04 "," 251,500.00 "," 142,653.31 "," 103,746.94 "," 92,121.20 "," 92,112.63 "," 58,945.97 "," 49,855.68 "," 54,059.46 "," 54,082.89 "," 49,302.45 "," 49,302.18 ", -   , -   ," 49,295.36 "," 45,915.50 "," 45,915.50 "," 45,765.50 "," 45,915.50 ", -   ," 145,538.39 "," 69,216.76 "," 66,630.51 "," 52,714.46 "," 44,118.48 "," 47,084.72 "," 52,029.72 "," 41,957.06 "," 47,966.78 "," 52,347.22 "," 52,347.22 "," 44,895.99 "," 61,037.22 "," 53,338.35 "," 25,827.27 "," 27,872.73 "," 27,054.55 "," 26,236.36 "," 25,213.64 ",,,,,,,,,,,,,,
REFUNDS,,, -   ,,,,,,,,,,,,,,,,,,,,,,,,,,,,,,,,,,,,,,,,,,,,,,,,,,,,,2024,,,,,,,,,,,
MONTHLY TAXABLE,AMT,CUM AMT,,,,,,,,,,,,,,,,,, -   ,,,,,,,,,,,,,,,,,,,,,,,,,,,,,,,,,,,,OT Calculation,,Per Day,,Per Hour,,,,,,,
INCOME,,, 163.75 ,,,,,,,,,,,,,,,,,,,,,,,,,,,,,,,,,,,,,,,,,,,,,,,,,,,,,,,Normal OT,Other OT,Normal OT,Other OT,,,,,,
,,,,   ,,,,,   ,,,,   ,   ,   ,,,,,,,,,,,,,,,,,,,,,,,,,,,,,,,,,,,,,,,,,,BASIC,1.5,2,1.5,2,,NT,DT,Variance,,
1.LESS THAN KHS.24000," 2,400.00 "," 2,400.00 ",,,, -   , -   , -   ,,,, -   ,,,,, -   ,,,,,,,,,,,,,,,,,,,,,,,,,,,,,,,," 2,400.00 "," 2,400.00 "," 2,400.00 "," 2,400.00 "," 2,400.00 ",, 1 ,1032," 52,450.94 "," 3,576.20 "," 4,768.27 ", 447.03 , 596.03 ,1032,424.7269277,566.3025703, 22.30 , 29.73 ,
   AT 10%,,,,,,,,,,,,,,,,,,,,,,,,,,,,,,,,,,,,,,,,,,,,,,,,,,,,,,, 2 ,1033," 60,593.30 "," 4,131.36 "," 5,508.48 ", 516.42 , 688.56 ,1033,448.0869088,597.4492117, 68.33 , 91.11 ,
,,,,   ,,,,,,,,,,,,,,,,,,,,,,,,,,,,,,,,   ,,,,,,,,,,,,,,,,,,, 3 ,1034," 45,513.54 "," 3,103.20 "," 4,137.59 ", 387.90 , 517.20 ,1034,368.5506151,491.4008201, 19.35 , 25.80 ,
2.BTWN 24001-32333," 2,083.00 "," 4,483.00 ",," 4,483.00 "," 4,483.00 "," 4,483.00 "," 4,483.00 ",,,," 4,483.00 ",,,," 4,483.00 "," 4,483.00 "," 4,483.00 "," 4,483.00 "," 4,483.00 "," 4,483.00 "," 4,483.00 "," 4,483.00 "," 4,483.00 "," 4,483.00 "," 4,483.00 "," 4,483.00 ",,," 4,483.00 "," 4,483.00 "," 4,483.00 "," 4,483.00 "," 4,483.00 ",," 4,483.00 "," 4,483.00 "," 4,483.00 "," 4,483.00 "," 4,483.00 "," 4,483.00 "," 4,483.00 "," 4,483.00 "," 4,483.00 "," 4,483.00 "," 4,483.00 "," 4,483.00 "," 4,483.00 "," 4,483.00 ", 78.16 , 558.84 , 366.57 , 174.30 ,-66.05 ,, 4 ,1035," 38,081.27 "," 2,596.45 "," 3,461.93 ", 324.56 , 432.74 ,1035,297.0766747,396.102233, 27.48 , 36.64 ,
   AT 25%,,,,,,,,,,,,,,,,,,,,,,,,,,,,,,,,,,,,,,,,,,,,,,,,,,,,,,, 5 ,1036," 41,047.50 "," 2,798.69 "," 3,731.59 ", 349.84 , 466.45 ,1036,332.3863636,443.1818182, 17.45 , 23.27 ,
,,,,,,,,,,,,,,,,,,,,,,,,,,,,,,,,,,,,,,,,,,,,,,,,,,,,,,, 6 ,1037," 44,492.50 "," 3,033.58 "," 4,044.77 ", 379.20 , 505.60 ,1037,315.3409091,420.4545455, 63.86 , 85.14 ,
3. BTWN 32334-500000," 140,299.80 "," 144,782.80 ",," 103,879.08 "," 109,090.18 "," 62,493.28 "," 38,223.71 "," 144,782.80 "," 144,782.80 ",," 110,749.80 "," 144,782.80 "," 144,782.80 "," 144,782.80 "," 133,819.66 "," 61,351.80 "," 30,510.79 "," 19,331.62 "," 16,014.90 "," 15,925.96 "," 6,473.90 "," 3,891.47 "," 5,081.24 "," 5,087.93 "," 3,725.50 "," 3,725.42 ",,," 4,440.41 "," 2,760.22 "," 3,426.45 "," 3,381.45 "," 3,426.45 ",," 31,161.60 "," 9,630.06 "," 8,732.05 "," 4,783.43 "," 2,316.13 "," 3,161.50 "," 4,593.33 "," 1,700.12 "," 3,457.70 "," 4,661.31 "," 4,661.31 "," 2,552.25 "," 7,962.96 "," 5,653.31 ",,,,,,, 7 ,1038," 35,919.84 "," 2,449.08 "," 3,265.44 ", 306.14 , 408.18 ,1038,275.1775568,366.9034091, 30.96 , 41.28 ,
   AT 30%,,,,,,,,,,,,,,,,,,,,,,,,,,,,,,,,,,,,,,,,,,,,,,,,,,,,,,, 8 ,1039," 38,942.50 "," 2,655.17 "," 3,540.23 ", 331.90 , 442.53 ,1039,315.3409091,420.4545455, 16.56 , 22.07 ,
,,,,,,,,,,,,,,,,,,,,,,,,,,,,,,,,,,,,,,,,,,,,,,,,,,,,,,, 9 ,1040," 46,310.00 "," 3,157.50 "," 4,210.00 ", 394.69 , 526.25 ,1040,375,500, 19.69 , 26.25 ,
4.BTWN 500001-800000," 97,499.68 "," 242,282.48 ",,,,,," 10,237.18 "," 51,550.03 ",,," 7,605.28 ", 377.09 ," 5,967.78 ",,,,,,,,,,,,,,,,,,,,,,,,,,,,,,,,,,,,,,,,, 10 ,1041," 46,310.00 "," 3,157.50 "," 4,210.00 ", 394.69 , 526.25 ,1041,375,500, 19.69 , 26.25 ,
   AT 32.5%,,,,,,,,,,,,,,,,,,,,,,,,,,,,,,,,,,,,,,,,,,,,,,,,,,,,,,, 11 ,1042," 37,890.00 "," 2,583.41 "," 3,444.55 ", 322.93 , 430.57 ,1042,306.8181818,409.0909091, 16.11 , 21.48 ,
,,,,,,,,,,,,,,,,,,,,,,,,,,,,,,,,,,,,,,,,,,,,,,,,,,,,,,, 12 ,1043," 55,000.00 "," 3,750.00 "," 5,000.00 ", 468.75 , 625.00 ,,,,,,
"5.ABOVE 800,001 AT 35%",, -   ,,,,,,,,,,,,,,,,,,,,,,,,,,,,,,,,,,,,,,,,,,,,,,,,,,,,, 13 ,1044," 45,000.00 "," 3,068.18 "," 4,090.91 ", 383.52 , 511.36 ,,,,,,
,,,,,,,,,,,,,,,,,,,,,,,,,,,,,,,,,,,,,,,,,,,,,,,,,,,,,, , 14 ,1045," 24,000.00 "," 1,636.36 "," 2,181.82 ", 204.55 , 272.73 ,,,,,,
, ,,,,,,,,,,,,,,,,,,,,,,,,,,,,,,,,,,,,,,,,,,,,,,,,,,,,,, 15 ,1046," 24,000.00 "," 1,636.36 "," 2,181.82 ", 204.55 , 272.73 ,,,,,,
TOTAL TAX CHARGEABLE,,," 1,815,989.45 "," 108,362.08 "," 113,573.18 "," 66,976.28 "," 42,706.71 "," 155,019.98 "," 196,332.83 ", -   ," 115,232.80 "," 152,388.08 "," 145,159.89 "," 150,750.58 "," 138,302.66 "," 65,834.80 "," 34,993.79 "," 23,814.62 "," 20,497.90 "," 20,408.96 "," 10,956.90 "," 8,374.47 "," 9,564.24 "," 9,570.93 "," 8,208.50 "," 8,208.42 ", -   , -   ," 8,923.41 "," 7,243.22 "," 7,909.45 "," 7,864.45 "," 7,909.45 ", -   ," 35,644.60 "," 14,113.06 "," 13,215.05 "," 9,266.43 "," 6,799.13 "," 7,644.50 "," 9,076.33 "," 6,183.12 "," 7,940.70 "," 9,144.31 "," 9,144.31 "," 7,035.25 "," 12,445.96 "," 10,136.31 "," 2,478.16 "," 2,958.84 "," 2,766.57 "," 2,574.30 "," 2,333.95 ",, 16 ,1047," 24,000.00 "," 1,636.36 "," 2,181.82 ", 204.55 , 272.73 ,,,,,,
,,,,,,,,,,,,,,,,,,,,,,,,,,,,,,,,,,,,,,,,,,,,,,,,,,,,,,, 17 ,1048," 24,000.00 "," 1,636.36 "," 2,181.82 ", 204.55 , 272.73 ,,Dec-22,,TOTAL,,
"ADD BENEFITS >KHS 1,000",,,,,,   ,   ,   ,   ,,,   ,   ,   ,   ,,,,,,,,,,,,,,,,,,,,,,,,,,,,,,,,,,,,,,,, 18 ,1049," 24,000.00 "," 1,636.36 "," 2,181.82 ", 204.55 , 272.73 ,,NT,DT,,,
LESS ,,,,,,,,,,,,,,,,,,,,,,,,,,,,,,,,,,,,,,,,,,,,,,,,,,,,,,,,,,,,,,,24,," 9,471.26 ",,
PERSONAL RELIEF,,," 105,600.00 "," 2,400.00 "," 2,400.00 "," 2,400.00 "," 2,400.00 "," 2,400.00 ",,,," 2,400.00 "," 2,400.00 "," 2,400.00 "," 2,400.00 "," 2,400.00 "," 2,400.00 "," 2,400.00 "," 2,400.00 "," 2,400.00 "," 2,400.00 "," 2,400.00 "," 2,400.00 "," 2,400.00 "," 2,400.00 "," 2,400.00 ",,," 2,400.00 "," 2,400.00 "," 2,400.00 "," 2,400.00 "," 2,400.00 ",," 2,400.00 "," 2,400.00 "," 2,400.00 "," 2,400.00 "," 2,400.00 "," 2,400.00 "," 2,400.00 "," 2,400.00 "," 2,400.00 "," 2,400.00 "," 2,400.00 "," 2,400.00 "," 2,400.00 "," 2,400.00 "," 2,400.00 "," 2,400.00 "," 2,400.00 "," 2,400.00 "," 2,400.00 ",,,," 707,551.40 ",,,,,,4,," 1,665.36 ",,
LIFE INSURANCE,,," 9,318.44 "," 1,436.54 ", 480.00 ,,,,,,,, -   ," 2,572.50 ",,,,,,,," 1,515.00 ",,,,,,," 2,340.00 ",,,,,, 600.15 ,,,,,, 374.25 ,,,,,,,,,,,,,,,," 707,551.40 ",,,,,,27,8," 12,898.56 ",,
EDUCATION POLICY, ,," 4,291.59 "," 3,454.18 ", 837.41 ,,,,,,,,,,,,,,,,,,,,,,,,,,,,,,,,,,,,,,,,,,,,,,,,,,,,,,,,,,,, -   ,,
SHIF RELIEF,,, -   , -   , -   , -   , -   , -   , -   , -   , -   , -   , -   , -   , -   , -   , -   , -   , -   , -   , -   , -   , -   , -   , -   , -   , -   , -   , -   , -   , -   , -   , -   , -   , -   , -   , -   , -   , -   , -   , -   , -   , -   , -   , -   , -   , -   , -   , -   , -   , -   , -   , -   ,,,2022,,,,,,,11,," 3,307.43 ",,
MORTGAGE RELIEF,,, -   ,,,,,,,,,,,,,,,,,,,,,,,,,,,,,,,,,,,,,,,,,,,,,,,,,,,,,OT Calculation,,Per Day,,Per Hour,,,,, -   ,,
AHL RELIEF,,," 11,747.38 ", 895.62 , 991.30 , 541.42 , 350.48 ," 1,237.50 ", -   , -   , -   , 815.21 , 823.59 , 806.66 , 710.44 , 562.50 , 290.55 , 216.64 , 190.99 , 203.94 , 129.25 , 107.55 , 118.26 , 118.31 , 107.56 , 107.55 , -   , -   , 107.55 , 99.93 , 99.93 , 99.93 , 99.93 , -   , 322.76 , 118.01 , 136.33 , 102.41 , 85.68 , 92.36 , 100.11 , 80.82 , 87.62 , 104.20 , 104.20 , 85.25 , 123.75 , 101.25 , 54.00 , 54.00 , 54.00 , 54.00 , 54.00 ,,,,,Normal OT,Other OT,Normal OT,Other OT,,,,,,
Adj to maximum,,,,,,,,,,,,,,,,,,,,,,,,,,,,,,,,,,,,,,,,,,,,,,,,,,,,,,,,,,1.5 times,2.0 Times,1.5 times,2.0 Times,,,, -   ,,
TAX AT SOURCE,,," 1,685,152.09 "," 100,175.74 "," 108,864.47 "," 64,034.85 "," 39,956.23 "," 151,382.48 "," 196,332.83 ", -   ," 115,232.80 "," 149,172.86 "," 141,936.31 "," 144,971.42 "," 135,192.22 "," 62,872.30 "," 32,303.23 "," 21,197.98 "," 17,906.91 "," 17,805.01 "," 8,427.64 "," 4,351.92 "," 7,045.98 "," 7,052.61 "," 5,700.94 "," 5,700.87 ", -   , -   ," 4,075.85 "," 4,743.28 "," 5,409.52 "," 5,364.52 "," 5,409.52 ", -   ," 32,321.69 "," 11,595.05 "," 10,678.72 "," 6,764.03 "," 4,313.44 "," 5,152.15 "," 6,201.97 "," 3,702.30 "," 5,453.08 "," 6,640.12 "," 6,640.12 "," 4,550.00 "," 9,922.21 "," 7,635.06 ", 24.16 , 504.84 , 312.57 , 120.30 ,," 6,576.22 ",,Danson M Mbogo,," 3,157.09 "," 4,209.45 ", 394.64 , 526.18 ,,46,," 12,408.45 ",,
,,,,,,,,,,,,,,,,,,,,,,,,,,,,,,,,,,,,,,,,,,,,,,,,,,,,,,,,Vincent Mambo John,," 3,330.73 "," 4,440.97 ", 416.34 , 555.12 ,,,, -   ,,
 SALARY AFTER TAX ,,," 4,773,468.16 "," 297,876.01 "," 331,713.47 "," 182,035.30 "," 121,250.98 "," 398,617.53 "," 301,089.52 ", -   ," 284,767.20 "," 266,873.63 "," 277,831.02 "," 267,274.05 "," 234,286.89 "," 187,127.70 "," 102,267.84 "," 80,523.25 "," 72,414.29 "," 72,837.01 "," 49,018.63 "," 43,450.26 "," 45,513.76 "," 45,530.28 "," 42,101.50 "," 42,101.31 ", -   , -   ," 43,726.33 "," 39,672.22 "," 39,005.98 "," 39,050.98 "," 39,005.98 ", -   ," 111,126.30 "," 57,021.71 "," 55,351.79 "," 45,350.43 "," 39,205.04 "," 41,332.57 "," 43,727.75 "," 37,654.76 "," 41,913.71 "," 45,107.10 "," 45,107.10 "," 39,746.00 "," 50,515.00 "," 45,103.30 "," 25,203.11 "," 26,767.89 "," 26,141.98 "," 25,516.07 "," 24,613.64 ",,,Victor O. Omambia,," 2,739.52 "," 3,652.69 ", 342.44 , 456.59 ,,,, -   ,,
, , , -   ,,,,,,,,,,,,,,,,,,,,,,,,,,,,,,,,,,,,,,,,,,,,,,,,,,,,,Benson A Kidake,," 2,208.24 "," 2,944.32 ", 276.03 , 368.04 ,,,, -   ,,
LESS DEDUCTIONS:,,, -   ,,,,,,,,,,,,,,,,,,,,,,,,,,,,,,,,,,,,,,,,,,,,,,,,,,,,,Antony O. Agoi,," 2,405.40 "," 3,207.20 ", 300.68 , 400.90 ,,112,8," 39,751.05 ",,
NSSF Tier I,,," 19,320.00 ", 420.00 , 420.00 , 420.00 , 420.00 , 420.00 , 420.00 ,, 420.00 , 420.00 , 420.00 , 420.00 , 420.00 , 420.00 , 420.00 , 420.00 , 420.00 , 420.00 , 420.00 , 420.00 , 420.00 , 420.00 , 420.00 , 420.00 ,,, 420.00 , 420.00 , 420.00 , 420.00 , 420.00 ,, 420.00 , 420.00 , 420.00 , 420.00 , 420.00 , 420.00 , 420.00 , 420.00 , 420.00 , 420.00 , 420.00 , 420.00 , 420.00 , 420.00 , 420.00 , 420.00 , 420.00 , 420.00 , 420.00 , 411.43 ,,Alex V. Shivachi,," 2,157.98 "," 2,877.31 ", 269.75 , 359.66 ,,,,,,
NSSF Tier II,,," 76,992.27 "," 1,740.00 "," 1,740.00 "," 1,740.00 "," 1,740.00 "," 1,740.00 "," 1,740.00 ",," 1,740.00 "," 1,740.00 "," 1,740.00 "," 1,740.00 "," 1,740.00 "," 1,740.00 "," 1,740.00 "," 1,740.00 "," 1,740.00 "," 1,740.00 "," 1,740.00 "," 1,740.00 "," 1,740.00 "," 1,740.00 "," 1,740.00 "," 1,740.00 ",,," 1,740.00 "," 1,740.00 "," 1,740.00 "," 1,740.00 "," 1,740.00 ",," 1,740.00 "," 1,740.00 "," 1,740.00 "," 1,740.00 "," 1,740.00 "," 1,740.00 "," 1,740.00 "," 1,740.00 "," 1,740.00 "," 1,740.00 "," 1,740.00 "," 1,740.00 "," 1,740.00 "," 1,740.00 "," 1,093.64 "," 1,216.36 "," 1,167.27 "," 1,118.18 "," 1,056.82 ",,,,,,,,,,,,,,
VOLUNTARY PENSION CONTRIBUTION,,," 9,000.00 ", -   ," 9,000.00 ",,,,, -   , -   ,,,,, -   , -   , -   , -   , -   , -   , -   , -   , -   , -   , -   ,,,,,,,,, -   , -   , -   , -   , -   , -   , -   , -   , -   , -   , -   , -   , -   , -   , -   , -   , -   , -   , -   ,,,Simon W. Reuben,," 2,045.45 "," 2,727.27 ", 255.68 , 340.91 ,,,,,,
PENSION CONTRIBUTION-EMPLOYEE-5%,," 272,019.60 "," 263,019.60 "," 19,902.59 "," 22,028.90 "," 12,031.65 "," 7,788.50 "," 27,500.00 "," 22,019.14 ", -   , -   ," 18,115.87 "," 18,301.91 "," 17,925.82 "," 15,787.50 "," 12,500.00 "," 6,456.69 "," 4,814.20 "," 4,244.20 "," 4,532.10 "," 2,872.31 "," 2,390.11 "," 2,627.99 "," 2,629.14 "," 2,390.12 "," 2,390.11 ", -   , -   , -   ," 2,220.78 ", -   , -   , -   , -   ," 7,172.40 "," 2,622.55 "," 3,029.66 "," 2,275.68 "," 1,904.06 "," 2,052.38 "," 2,224.63 "," 1,795.99 "," 1,947.13 "," 2,315.50 "," 2,315.50 "," 1,894.50 ", -   , -   , -   , -   , -   , -   , -   ,,,Adednego M. Musembi,," 2,157.99 "," 2,877.32 ", 269.75 , 359.67 ,,,,,,
HOUSING LEVY 1.5%,," 181,843.22 "," 90,921.61 "," 5,970.78 "," 6,608.67 "," 3,609.49 "," 2,336.55 "," 8,250.00 "," 6,605.74 ", -   ," 6,000.00 "," 5,434.76 "," 5,490.57 "," 5,377.75 "," 4,736.25 "," 3,750.00 "," 1,937.01 "," 1,444.26 "," 1,273.26 "," 1,359.63 ", 861.69 , 717.03 , 788.40 , 788.74 , 717.04 , 717.03 , -   , -   , 717.03 , 666.23 , 666.23 , 666.23 , 666.23 , -   ," 2,151.72 ", 786.76 , 908.90 , 682.70 , 571.22 , 615.71 , 667.39 , 538.80 , 584.14 , 694.65 , 694.65 , 568.35 , 825.00 , 675.00 , 360.00 , 360.00 , 360.00 , 360.00 , 360.00 ,,,,,,,,,,,,,,
SALARY ADVANCE," 120,003.00 ",162850," 282,853.00 ",,,,,,,," 63,353.00 ",,,,,," 5,000.00 ",,,,,,,,,,,,,,,,,,," 15,000.00 ",," 26,000.00 "," 20,000.00 "," 10,000.00 "," 15,000.00 "," 10,000.00 "," 20,000.00 "," 10,000.00 "," 10,000.00 "," 23,000.00 ",," 25,000.00 "," 11,000.00 "," 3,000.00 "," 8,000.00 ",," 8,500.00 ",58500," 13,985.69 ",Joshua M. Mutuku,," 3,000.00 "," 4,000.00 ", 375.00 , 500.00 ,,,,,,
SHIF," 105,839.62 ",60850," 166,689.62 "," 10,946.42 "," 12,115.89 "," 6,617.41 "," 4,283.68 "," 15,125.00 "," 12,110.53 ", -   ," 11,000.00 "," 9,963.73 "," 10,066.05 "," 9,859.20 "," 8,683.13 "," 6,875.00 "," 3,551.18 "," 2,647.81 "," 2,334.31 "," 2,492.66 "," 1,579.77 "," 1,314.56 "," 1,445.39 "," 1,446.03 "," 1,314.57 "," 1,314.56 ", -   , -   ," 1,314.56 "," 1,221.43 "," 1,221.43 "," 1,221.43 "," 1,221.43 ", -   ," 3,944.82 "," 1,442.40 "," 1,666.32 "," 1,251.62 "," 1,047.23 "," 1,128.81 "," 1,223.54 ", 987.80 ," 1,070.92 "," 1,273.53 "," 1,273.53 "," 1,041.98 "," 1,512.50 "," 1,237.50 ", 660.00 , 660.00 , 660.00 , 660.00 , 660.00 ,,,Dickson M. Lidahuli,," 3,000.00 "," 4,000.00 ", 375.00 , 500.00 ,,,,,,
HELB/OTHER,,," 23,500.00 ",,,,,,,,,,," 5,000.00 "," 5,000.00 ",,,,,,," 2,000.00 "," 2,000.00 "," 4,000.00 "," 2,000.00 ",,,, -   ," 2,500.00 ",,,,,,,,,,,,,,,,,," 1,000.00 ",,,,,,,,,,,," 3,275.30 "," 4,367.07 ",,,,,,
STAFF WELFARE/LOAN,,," 138,549.00 ",,," 55,167.00 "," 20,833.00 ",,,,,,,,,," 42,033.00 ",,,,,,,,,,,,,,,,,,," 14,683.00 ",,,,,,," 5,833.00 ",,,,,,,,,,,,"-5,833.00 ",,,,,,,,,,,,
SACCO,,," 36,900.00 ",   ,,,,,,,,,,,, -   ,," 3,600.00 ",,,,,,,,,,,,,,,,," 15,000.00 ",,," 2,000.00 "," 4,200.00 ",," 6,000.00 ",," 4,100.00 ",," 2,000.00 ",,,,,,,,,,,,,,,,,,,,,,
UNION/HOUSE LEVY JULY,,, -   ,,,,,,,,,,,,,,,,,,,,,,,,,,,,,,,,,,,,,,,,,,,,,,,,,,,,,,,,," 2,891.78 "," 3,855.70 ",,,,,,
,,," 1,064,392.82 "," 38,979.79 "," 51,913.46 "," 79,585.55 "," 37,401.73 "," 53,035.00 "," 42,895.41 ", -   ," 82,513.00 "," 35,674.36 "," 36,018.53 "," 40,322.76 "," 36,366.88 "," 25,285.00 "," 61,137.88 "," 14,666.27 "," 10,011.77 "," 10,544.39 "," 7,473.78 "," 8,581.70 "," 9,021.78 "," 11,023.92 "," 8,581.73 "," 6,581.70 ", -   , -   ," 4,191.59 "," 8,768.43 "," 4,047.66 "," 4,047.66 "," 4,047.66 ", -   ," 30,428.94 "," 36,694.71 "," 7,764.88 "," 34,370.00 "," 29,882.52 "," 15,956.89 "," 27,275.56 "," 15,482.59 "," 35,695.18 "," 16,443.68 "," 18,443.68 "," 28,664.83 "," 4,497.50 "," 30,072.50 "," 13,533.64 "," 5,656.36 "," 10,607.27 "," 2,558.18 "," 10,996.82 ",,,,,,,,,,,,,,
,,, -   ,,,,,,,,,,,,,,,,,,,,,,,,,,,,,,,,,,,,,,,,,,,,,,,,,,,,,,,,,,,,,,,,
TOTAL DEDUCTIONS+TAX,,," 2,792,897.18 "," 139,155.53 "," 160,777.93 "," 143,620.40 "," 77,357.96 "," 204,417.48 "," 239,228.24 ", -   ," 197,745.80 "," 184,847.22 "," 177,954.84 "," 185,294.18 "," 171,559.10 "," 88,157.30 "," 93,441.12 "," 35,864.25 "," 27,918.68 "," 28,349.40 "," 15,901.42 "," 12,933.62 "," 16,067.76 "," 18,076.53 "," 14,282.67 "," 12,282.57 ", -   , -   ," 8,267.45 "," 13,511.72 "," 9,457.17 "," 9,412.17 "," 9,457.17 ", -   ," 62,750.63 "," 48,289.76 "," 18,443.60 "," 41,134.03 "," 34,195.96 "," 21,109.04 "," 33,477.53 "," 19,184.89 "," 41,148.26 "," 23,083.79 "," 25,083.79 "," 33,214.82 "," 14,419.71 "," 37,707.56 "," 13,557.80 "," 6,161.20 "," 10,919.84 "," 2,678.48 "," 10,996.82 ",,,,,,,,,,,,,,
NET SALARY,,,," 258,896.23 "," 279,800.01 "," 102,449.75 "," 83,849.26 "," 345,582.53 "," 258,194.11 ", -   ," 202,254.20 "," 231,199.27 "," 241,812.48 "," 226,951.29 "," 197,920.01 "," 161,842.70 "," 41,129.95 "," 65,856.98 "," 62,402.52 "," 62,292.63 "," 41,544.85 "," 34,868.56 "," 36,491.99 "," 34,506.36 "," 33,519.78 "," 35,519.61 ", -   , -   ," 39,534.74 "," 30,903.78 "," 34,958.33 "," 35,003.33 "," 34,958.33 ", -   ," 80,697.36 "," 20,327.00 "," 47,586.91 "," 10,980.43 "," 9,322.52 "," 25,375.68 "," 16,452.19 "," 22,172.17 "," 6,218.52 "," 28,663.42 "," 26,663.42 "," 11,081.17 "," 46,017.50 "," 15,030.80 "," 11,669.48 "," 21,111.52 "," 15,534.70 "," 22,957.89 "," 13,616.82 "," 3,453,376.34 ",,,,,,,,,,,,,
TOTAL PAYROLL,,," 3,665,723.07 "," 268,241.25 "," 290,514.82 "," 57,622.26 "," 86,705.93 "," 359,262.53 "," 268,712.91 ", -   ," 275,357.20 "," 239,613.93 "," 250,425.87 "," 235,315.28 "," 205,158.14 "," 87,315.96 "," 26,183.01 "," 134,436.40 "," 122,662.96 "," 63,461.43 "," 42,104.53 "," 35,238.42 "," 36,917.29 "," 34,932.39 "," 33,899.52 "," 35,930.67 ", -   , -   ," 39,912.25 "," 31,275.21 "," 35,329.75 "," 35,373.40 "," 35,329.75 "," 33,365.68 "," 83,453.91 "," 22,412.73 "," 48,148.23 "," 20,198.87 "," 9,519.76 "," 28,549.02 "," 21,810.05 "," 17,309.97 "," 14,348.50 "," 32,916.95 "," 20,916.95 "," 10,595.00 "," 36,425.00 "," 16,942.90 "," 10,695.91 "," 16,642.27 "," 13,472.20 "," 17,695.91 "," 12,503.64 ",,,,,,,,,,,,,,
,,,3665695.61," (9,345.03)"," (10,714.81)"," 44,827.49 "," (2,856.67)"," (13,680.00)"," (10,518.80)", -   ," (73,103.00)"," (8,414.65)"," (8,613.39)"," (8,363.99)"," (7,238.13)"," 74,526.74 "," 14,946.94 "," (68,579.42)"," (60,260.43)"," (1,168.80)", (559.68), (369.86), (425.31), (426.03), (379.75), (411.06), -   , -   , (377.52), (371.43), (371.43), (370.08), (371.43)," (33,365.68)"," (2,756.55)"," (2,085.73)", (561.32)," (9,218.45)", (197.23)," (3,173.35)"," (5,357.86)"," 4,862.20 "," (8,129.97)"," (4,253.53)"," 5,746.48 ", 486.17 ," 9,592.50 "," (1,912.10)", 973.57 ," 4,469.25 "," 2,062.50 "," 5,261.98 "," 1,113.18 ",,,,,,,,,,,,,,
,,,," 5,970.78 "," 6,608.67 "," 3,609.49 "," 17,976.33 "," 8,250.00 "," 6,605.74 ", -   ," 6,000.00 "," 5,434.76 "," 5,490.57 "," 5,377.75 "," 4,736.25 "," 3,750.00 "," 1,937.01 "," 1,444.26 "," 1,273.26 "," 1,359.63 ", 861.69 , 717.03 , 788.40 , 788.74 , 717.04 , 717.03 , -   , -   , 717.03 , 666.23 , 666.23 , 666.23 , 666.23 ,," 2,151.72 ", 786.76 , 908.90 , 682.70 , 571.22 , 615.71 , 667.39 , 538.80 , 584.14 , 694.65 , 694.65 , 568.35 , 825.00 , 675.00 ,,,,, 360.00 ,,,,,,,,,,,,,,
,,,,,290813.2739,,,,,,,,,,,,,,,,,,,,,,,,,,,,,,,,,,,,,,,,,,,,,,,,,,,,,,,,,,,,,,
,,, 27.46 ," 5,970.78 "," 6,608.67 "," 3,691.05 "," 2,418.11 "," 8,250.00 "," 7,461.34 ", -   , -   ," 6,240.70 "," 6,296.51 "," 6,183.68 "," 5,542.19 "," 3,750.00 "," 2,018.57 "," 1,525.82 "," 1,354.82 "," 1,359.63 ", 861.69 , 717.03 ,788.396175, 788.74 , 717.04 , 717.03 , -   , -   , 717.03 , 666.23 , 666.23 , 666.23 , 666.23 , -   ," 2,151.72 "," 1,029.25 ", 990.46 , 781.72 , 652.78 , 697.27 , 748.95 , 620.36 , 710.50 , 776.21 , 776.21 , 664.44 , 906.56 , 791.08 , 378.41 , 409.09 , 396.82 , 384.55 , 369.20 ,,,,,,,,,,,,,,
,,,, -   , -   , 81.56 , 81.56 , -   , 855.59 , -   ,"-6,000.00 ", 805.94 , 805.94 , 805.94 , 805.94 , -   , 81.56 , 81.56 , 81.56 , -   , -   , -   , -   , -   , -   , -   , -   , -   , -   , -   , -   , -   , -   , -   , -   , 242.49 , 81.56 , 99.01 , 81.56 , 81.56 , 81.56 , 81.56 , 126.36 , 81.56 , 81.56 , 96.09 , 81.56 , 116.08 ,,,,, 9.20 ,,,,,,,,,,,,,,
,,,," 5,978.96 "," 6,614.52 "," 3,822.55 "," 2,545.42 "," 8,272.50 "," 9,879.25 ", -   ," 6,022.50 "," 8,151.03 "," 8,192.42 "," 8,075.45 "," 7,445.21 "," 3,772.50 "," 2,139.80 "," 1,556.20 "," 1,381.82 "," 1,381.69 ", 884.19 , 747.84 , 810.89 , 811.24 , 739.54 , 739.53 , -   , -   , 739.43 , 688.73 , 688.73 , 686.48 , 688.73 , -   ," 2,183.08 "," 1,038.25 ", 999.46 , 790.72 , 661.78 , 706.27 , 780.45 , 629.36 , 719.50 , 785.21 , 785.21 , 673.44 , 915.56 , 800.08 , 387.41 , 418.09 , 405.82 , 393.55 , 378.20 ,,,,,,,,,,,,,,
,,,, 8.19 , 5.85 , 131.50 , 127.32 , 22.50 ," 2,417.91 ", -   ," 6,022.50 "," 1,910.33 "," 1,895.91 "," 1,891.77 "," 1,903.02 ", 22.50 , 121.23 , 30.39 , 27.00 , 22.06 , 22.50 , 30.80 , 22.50 , 22.50 , 22.50 , 22.50 , -   , -   , 22.40 , 22.50 , 22.50 , 20.25 , 22.50 , -   , 31.36 , 9.00 , 9.00 , 9.00 , 9.00 , 9.00 , 31.50 , 9.00 , 9.00 , 9.00 , 9.00 , 9.00 , 9.00 , 9.00 ,,,,, 9.00 ,,,,,,,,,,,,,,
,,,Pension in excess of limit 20K, (97.41)," 11,028.90 "," (7,968.35)"," (12,211.50)"," 7,500.00 "," 2,019.14 "," (20,000.00)"," (20,000.00)"," (1,884.13)"," (1,698.09)"," (2,074.18)"," (4,212.50)"," (7,500.00)"," (13,543.31)"," (15,185.80)"," (15,755.80)"," (15,467.90)"," (17,127.69)"," (17,609.89)"," (17,372.01)"," (17,370.86)"," (17,609.88)"," (17,609.89)"," (20,000.00)"," (20,000.00)"," (20,000.00)"," (17,779.23)"," (20,000.00)"," (20,000.00)",,," (12,827.60)"," (17,377.45)"," (16,970.34)"," (17,724.32)"," (18,095.94)"," (17,947.63)"," (17,775.38)"," (18,204.01)"," (18,052.88)"," (17,684.50)"," (17,684.50)"," (18,105.50)",," (20,000.00)",,,,," (20,000.00)",,,,,,,,,,,,,,
,,,,," 301,528.09 ",,,,,,,,,,,,,,,, (609.12),,,,,,,,,,,,,,,,,,,,,,,,,,,,,,,,,,,,,,,,,,,,,,
,,AHL-Refund (Jan-Feb)," 188,505.61 "," 11,941.55 "," 13,217.34 "," 7,218.99 "," 4,673.10 "," 15,000.00 "," 13,211.49 "," 9,005.39 "," 10,869.52 "," 10,869.52 "," 10,981.15 "," 10,755.49 "," 9,472.50 "," 3,750.00 "," 3,874.02 "," 2,888.52 "," 2,546.52 "," 2,719.26 "," 1,723.39 "," 1,434.07 "," 1,576.79 "," 1,577.49 "," 1,434.07 "," 1,434.07 "," 1,434.07 "," 1,434.07 "," 1,434.07 "," 1,332.47 "," 1,332.47 "," 1,332.47 "," 1,332.47 "," 1,332.47 "," 4,140.32 "," 1,573.53 "," 1,817.80 "," 1,365.41 "," 1,142.44 "," 1,231.43 "," 1,334.78 "," 1,077.60 "," 1,168.28 "," 1,389.30 "," 1,389.30 "," 1,136.70 "," 1,650.00 "," 1,350.00 ", 720.00 , 720.00 , 720.00 , 720.00 , 720.00 ,,,,,,,,,,,,,,
,,," 177,636.08 "," 270,837.78 "," 293,017.34 "," 109,668.74 "," 88,522.36 "," 360,582.53 "," 271,405.60 "," 9,005.39 "," 213,123.72 "," 242,068.79 "," 252,793.63 "," 237,706.78 "," 207,392.51 "," 165,592.70 "," 45,003.97 "," 68,745.50 "," 64,949.04 "," 65,011.89 "," 43,268.24 "," 36,302.63 "," 38,068.78 "," 36,083.85 "," 34,953.85 "," 36,953.68 "," 1,434.07 "," 1,434.07 "," 40,968.80 "," 32,236.25 "," 36,290.79 "," 36,335.79 "," 36,290.79 "," 1,332.47 "," 84,837.68 "," 21,900.53 "," 49,404.71 "," 12,345.83 "," 10,464.96 "," 26,607.10 "," 17,786.96 "," 23,249.77 "," 7,386.80 "," 30,052.72 "," 28,052.72 "," 12,217.87 "," 47,667.50 "," 16,380.80 "," 12,389.48 "," 21,831.52 "," 16,254.70 "," 23,677.89 "," 14,336.82 ",,,,,,,,,,,,,,
,,,,,,,,,,,,,,,,,,,,,1.088327976,," 44,310.00 ",,,,,,,,,,,,,,,,,,,,,,,,,,,,,,,,,,,,,,,,,,,,
,,,Taxable benefits, 545.83 , 390.00 ," 8,766.42 "," 8,487.67 "," 1,500.00 "," 161,194.12 ", -   ," 1,500.00 "," 127,355.36 "," 126,393.96 "," 126,117.93 "," 126,867.93 "," 1,500.00 "," 8,082.24 "," 2,025.71 "," 1,800.00 "," 1,470.60 "," 1,499.70 "," 2,053.50 "," 1,499.72 "," 1,500.00 "," 1,500.00 "," 1,500.00 ", -   , -   ," 1,493.18 "," 1,500.00 "," 1,500.00 "," 1,350.00 ",,," 2,090.40 ", 600.00 , 600.00 , 600.00 , 600.00 , 600.00 ," 2,100.00 ", 600.00 , 600.00 , 600.00 , 600.00 ,,,,,,,,,,,,,,,,,,,,,,
,,,Arrears/OT/Others, -   , -   , -   , -   , -   ," 57,039.51 ",#REF!,#REF!," 53,729.11 "," 53,729.11 "," 53,729.11 "," 53,729.11 ", -   , -   , -   , -   , -   , -   , -   , -   , -   , -   , -   , -   , -   , -   , -   , -   , -   ,,, -   ," 10,728.60 ", -   ," 1,163.70 ", -   , -   , -   , -   ," 2,987.07 ", -   , -   ,,,,,,,,,,,,,,,,,,,,,,
,,,,,,,,," (22,554.57)",,,,,,,,,,,,,,,,,,,,,,,,,,,,,,,,,,,,,,,,,,,,,,,,,,,,,,,,,,
,,,,,,,,,,,,,,,,,,,,,,,,,,,,,,,,,,,,,,," 14,691.46 ",,,,,,,,,,,,,,,,,,,,,,,,,,,,
,,,,,,,,,,,,,,,,,,,,,,,,,,,,,,,,,,,," 36,833.00 ",,,,,,,,,,,,,,,,,,,,,,,,,,,,,,,
,,,,,,,,,,,,,,,,,,,,,,,,,,,,,,,,,,,, mwananchi , mib , TOTAL ,,,,,,,,,,,,,,,,,,,,,,,,,,,,,
,,,,,,,,,,,,,,,,,,,,,,,,,,,,,,,,,,,JKK," 38,600.00 ",," 38,600.00 ",,,,,,,,,,,,,,,,,,,,,,,,,,,,,
,,,,,,,,,,,,,,,,,,,,,,,,,,,,,,,,,,,DMM," 14,683.00 ",," 14,683.00 ",,,,,,,,,,,,,,,,,,,,,,,,,,,,,
,,,,,,,,,,,,,,,,,,,,,,,,,,,,,,,,,,,VO," 6,324.00 ",," 6,324.00 ",,,,,,,,,,,,,,,,,,,,,,,,,,,,,
,,,,,,,,,,,,,,,,,,,,,,,,,,,,,,,,,,,AS," 7,915.00 ",," 7,915.00 ",,,,,,,,,,,,,,,,,,,,,,,,,,,,,
,,,,,,,,,,,,,,,,,,,,,,,,,,,,,,,,,,,AM," 5,833.00 ",," 5,833.00 ",,,,,,,,,,,,,,,,,,,,,,,,,,,,,
,,,,,,,,,,,,,,,,,,,,,,,,,,,,,,,,,,,CB," 21,100.00 "," 15,733.00 "," 36,833.00 ",,,,,,,,,,,,,,,,,,,,,,,,,,,,,
,,,,,,,,,,,,,,,,,,,,,,,,,,,,,,,,,,,," 94,455.00 "," 15,733.00 "," 110,188.00 ","-28,361.00 ",,,,,,,,,,,,,,,,,,,,,,,,,,,,
,,,,,,,,,,,,,,,,,,,,,,,,,,,,,,,,,,,,,,,,,,,,,,,,,,,,,,,,,,,,,,,,,,,
