,1,2,3,4,5,6,7,8,9,10,11,12,13,14,15,16,17,18,19,20,21,22,23,24,,25,26,27,28,29,30,31,32,,,,,,,,,,,,,,,,,,,,,
,,,," 555,720.00 ",,,,,,,,,,,,,,,,,,,,,,,,,,,,,,,,,,,,,,,,,,,,,,,,,,
,,, ,,125367.93,,, ,,,1125.21, ,,,,,,,,,,,,,,,,,,,,,,,,,,,,,,,,,,,,,,,,,,
Payroll ,Nov-24,, ,,,,,, ,,,,, ,,,,,,,,,,,,26.19%,,,,,,,,,,,,,,,,,,,,,,,,,,,,
,,, ,,C,,,,A,,,,1440, ,,,, ,,,,,,,,,B,A-B-C,,,,,   , ,,,,,,,,,,,,,,,,,,,,
Staff No,Name,Pin No,Basic,Bonus/Comm   ,Fringe benefit Loan-non cash,Transport/Hse Allowance,Arrears,Salary Arrears/OT/Others,Gross Salary,Voluntary pension Contribution,Defined Pension contribution,NSSF-T1,NSSF-T2,SHIF,Taxable pay,Gross PAYE,House levy,Advances,HELB,Company loan,Bank loan,SACCO,Personal Relief,NHIF Relief,AHL Relief,Net PAYE,Total Deductions,Net Pay,EMPLOYER PENSION,TOTAL PENSION,Variance,NITA, NP as per payslip ,Variance,,,HOUSE LEVY,GROSS,,,Leave,,,Category,,,Category,Qty, Basic ,,,,,
,,,,,,,,,," 22,028.90 ",,,,,,,,,,,,,,,,,,,,,,,,,,,,,,,,,,,,,,,,,,,,
1,1000,A00000000Z1," 398,051.75 ",, 545.83 , -   ,, -   ," 398,597.58 ",," 19,902.59 ", 420.00 ," 1,740.00 "," 10,946.42 "," 376,535.00 "," 108,362.08 "," 5,970.78 ",,,,,   ," (7,290.72)",, (895.62)," 100,175.74 "," 139,155.53 "," 258,896.23 "," 41,545.18 "," 63,187.76 ", 0.00 ,50," 258,896.23 ", 0.00 ," 90,344.00 ","-9,831.74 "," 5,970.78 "," 398,051.75 "," 729,353.58 ","-470,457.35 ",," 7,591.06 ",,Mgt,1," 361,044.67 ",Mgt,5," 1,983,268.29 ",, 895.62 ,,,
2,1001,A00000000Z2," 440,577.94 ",, 390.00 ,,, -   ," 440,967.94 "," 11,028.90 "," 20,000.00 ", 420.00 ," 1,740.00 "," 12,115.89 "," 418,807.94 "," 113,573.18 "," 6,608.67 ",,,,,," (3,717.41)",, (991.30)," 108,864.47 "," 160,777.93 "," 279,800.01 "," 45,797.79 "," 69,566.69 ",-0.00 ,50," 279,800.01 ", (0.00)," 110,060.88 "," 1,196.41 "," 6,608.67 "," 440,577.94 "," 826,248.36 ","-546,448.36 ",," 5,336.49 ",,Mgt,1," 418,601.37 ",Admin,4," 579,972.23 ",, 991.30 ,,,
3,1002,A00000000Z3," 240,632.93 ",," 8,766.42 "," 5,437.22 ",, -   ," 254,836.56 ",," 12,031.65 ", 420.00 ," 1,740.00 "," 6,617.41 "," 240,644.92 "," 66,976.28 "," 3,609.49 ",,," 20,833.00 "," 34,334.00 ",," (2,400.00)",, (541.42)," 64,034.85 "," 143,620.40 "," 102,449.75 "," 25,803.29 "," 39,574.94 ", -   ,50," 102,449.75 ", -   ," 59,391.53 ","-4,643.32 "," 3,691.05 "," 246,070.15 "," 248,202.72 ","-145,752.97 ",," 3,840.46 ",,Admin,1," 228,629.86 ",Supervisor,3," 214,755.37 ",, 541.42 ,,,
4,1003,A00000000Z4," 155,770.00 ",," 8,487.67 "," 5,437.22 ",,," 169,694.88 ",," 7,788.50 ", 420.00 ," 1,740.00 "," 4,283.68 "," 159,746.38 "," 42,706.71 "," 2,336.55 ",,," 20,833.00 ",,," (2,400.00)",, (350.48)," 39,956.23 "," 77,357.96 "," 83,849.26 "," 17,317.00 "," 26,845.50 ", -   ,50," 83,849.26 ", -   ," 38,318.65 ","-1,637.58 "," 2,418.11 "," 161,207.22 "," 208,337.40 ","-124,488.14 ",," 3,205.50 ",,Admin,1," 148,000.00 ",MO,6," 255,577.90 ",, 350.48 ,,,
5,1004,A00000000Z5," 550,000.00 ", -   ," 1,500.00 ",,,," 551,500.00 "," 7,500.00 "," 20,000.00 ", 420.00 ," 1,740.00 "," 15,125.00 "," 529,340.00 "," 155,019.98 "," 8,250.00 ",,,,,," (2,400.00)",," (1,237.50)"," 151,382.48 "," 204,417.48 "," 345,582.53 "," 56,740.00 "," 85,980.00 ", -   ,50," 345,582.53 ", -   ," 38,318.65 ","-113,063.83 "," 8,250.00 "," 550,000.00 "," 347,608.30 ","-2,025.77 ",," 85,980.00 ",,Mgt,1," 500,000.00 ",Technical,20," 2,148,244.91 ",," 1,237.50 ",,,
6,1005,A00000000Z6," 440,382.84 ",," 161,194.12 ",,," 57,039.51 "," 658,616.47 "," 2,019.14 "," 20,000.00 ", 420.00 ," 1,740.00 "," 12,110.53 "," 636,456.47 "," 196,332.83 "," 6,605.74 ",,,,,, -   ,,," 196,332.83 "," 239,228.24 "," 258,194.11 "," 45,778.28 "," 69,537.43 ", 0.00 ,50," 258,194.11 ", 0.00 ," 114,447.57 ","-81,885.26 "," 7,461.34 "," 497,422.35 "," 754,027.65 ","-495,833.53 ",," 5,335.03 ",,Mgt,1," 418,416.00 ",Warehouse,4," 142,144.50 ",, -   ,,,
7,1007,A00000000Z7," 400,000.00 ",," 1,500.00 ",,, -   ," 401,500.00 ",,, 420.00 ," 1,740.00 "," 11,000.00 "," 399,340.00 "," 115,232.80 "," 6,000.00 "," 63,353.00 ",,,,,,,," 115,232.80 "," 197,745.80 "," 202,254.20 ",,,-0.00 ,50," 202,254.20 ", (0.00), -   ,"-115,232.80 ",#REF!," 400,000.00 "," 183,163.59 "," 19,090.61 ",,"-44,220.94 ",,Mgt,1," 285,206.25 ",,42," 5,323,963.20 ",, -   ,,,
8,1008,A00000000Z8," 362,317.38 ",," 127,355.36 ",,," 53,729.11 "," 543,401.86 ",," 18,115.87 ", 420.00 ," 1,740.00 "," 9,963.73 "," 523,125.99 "," 152,388.08 "," 7,322.59 ",,,,,," (2,400.00)",," (1,098.39)"," 148,889.69 "," 186,451.88 "," 229,594.62 "," 37,971.74 "," 57,827.61 ","-1,604.66 ",50," 231,199.27 "," (1,604.66)"," 144,571.38 ","-4,318.31 "," 8,128.53 "," 416,046.49 "," 683,162.40 ","-453,567.79 ",7," 4,750.93 ",,Technical,1," 344,244.55 ",,,,," 1,098.39 ",,,
9,1009,A00000000Z9," 366,038.21 ",," 126,393.96 ",,," 53,729.11 "," 546,161.28 ",," 18,301.91 ", 420.00 ," 1,740.00 "," 10,066.05 "," 525,699.37 "," 145,159.89 "," 5,476.15 ",,,,,," (2,400.00)",, (821.42)," 141,938.47 "," 177,942.58 "," 241,824.74 "," 38,343.82 "," 58,385.73 ", 12.26 ,50," 241,812.48 ", 12.26 ," 164,010.06 "," 22,071.59 "," 6,282.09 "," 419,767.32 "," 639,029.30 ","-397,204.56 ",9," 4,778.77 ",,Technical,1," 347,779.77 ",,,,, 821.42 ,,,
10,1010,A00000000Z10," 358,516.36 ",," 126,117.93 ",,," 53,729.11 "," 538,363.40 ",," 17,925.82 ", 420.00 ," 1,740.00 "," 9,859.20 "," 518,277.59 "," 150,750.58 "," 5,373.61 ",," 5,000.00 ",,,," (4,972.50)",, (806.04)," 144,972.04 "," 185,290.66 "," 226,954.81 "," 37,591.64 "," 57,257.45 ", 3.52 ,50," 226,951.29 ", 3.52 ," 140,731.85 ","-4,240.19 "," 6,179.54 "," 412,245.47 "," 674,380.54 ","-447,425.73 ",3," 4,722.49 ",,Technical,1," 340,633.13 ",,,,, 806.04 ,,,
11,1011,A00000000Z11," 315,750.00 ",," 126,867.93 ",,," 53,729.11 "," 496,347.04 ",," 15,787.50 ", 420.00 ," 1,740.00 "," 8,683.13 "," 478,399.54 "," 138,302.66 "," 4,747.50 ",," 5,000.00 ",,,," (2,400.00)",, (712.13)," 135,190.54 "," 171,568.66 "," 197,910.45 "," 33,315.00 "," 50,842.50 ",-9.56 ,50," 197,920.01 ", (9.56)," 131,479.16 ","-3,711.38 "," 5,553.44 "," 369,479.11 "," 594,346.02 ","-396,435.57 ",6," 4,402.50 ",,Technical,1," 300,000.00 ",,,,, 712.13 ,,,
12,1012,A00000000Z12," 250,000.00 ",," 1,500.00 ",,,," 251,500.00 ",," 12,500.00 ", 420.00 ," 1,740.00 "," 6,875.00 "," 236,840.00 "," 65,834.80 "," 1,869.48 ",,,,, -   ," (2,400.00)",, (280.42)," 63,154.38 "," 86,558.86 "," 163,441.14 "," 26,740.00 "," 40,980.00 ",,," 161,842.70 "," 1,598.44 ",,,,,,,,,,,,,,,,, 280.42 ,,,
13,1013,A00000000Z13," 129,133.86 ",," 8,082.24 "," 5,437.22 ",, -   ," 142,653.31 ",," 6,456.69 ", 420.00 ," 1,740.00 "," 3,551.18 "," 134,036.62 "," 34,993.79 "," 2,035.74 "," 5,000.00 ",," 20,833.00 "," 21,200.00 ",," (2,400.00)",, (305.36)," 32,288.42 "," 93,525.04 "," 41,046.03 "," 14,653.39 "," 22,850.08 ",-83.92 ,50," 41,129.95 ", (83.92)," 29,152.89 ","-3,135.54 "," 2,117.30 "," 134,571.07 "," 102,938.74 ","-61,892.71 ",," 22,850.08 ",,Admin,1," 122,692.50 ",,,,, 305.36 ,,,
14,1014,A00000000Z14," 96,284.02 ",," 2,025.71 "," 5,437.22 ",, -   ," 103,746.94 ",," 4,814.20 ", 420.00 ," 1,740.00 "," 2,647.81 "," 96,772.74 "," 23,814.62 "," 1,353.41 ",,,,," 3,600.00 "," (2,400.00)",, (203.01)," 21,211.61 "," 35,787.03 "," 65,934.20 "," 11,368.40 "," 17,922.60 ", 77.22 ,50," 65,856.98 ", 77.22 ," 24,393.34 "," 3,181.73 "," 1,434.97 "," 101,721.23 "," 130,810.94 ","-64,876.74 ",,"-1,921.27 ",,Technical,1," 91,481.25 ",,,,, 203.01 ,,,
15,1015,A00000000Z15," 84,883.99 ",," 1,800.00 "," 5,437.22 ",, -   ," 92,121.20 ",," 4,244.20 ", 420.00 ," 1,740.00 "," 2,334.31 "," 85,717.00 "," 20,497.90 "," 1,269.87 ",,,,,," (2,400.00)",, (190.48)," 17,907.42 "," 27,915.80 "," 62,405.40 "," 10,228.40 "," 16,212.60 ", 2.88 ,50," 62,402.52 ", 2.88 ," 17,169.50 ",-737.92 ," 1,351.43 "," 90,321.20 "," 111,679.05 ","-49,273.65 ",," 1,050.41 ",,Admin,1," 80,649.87 ",,,,, 190.48 ,,,
16,1016,A00000000Z16," 90,642.03 ",," 1,470.60 ",,,," 92,112.63 ",," 4,532.10 ", 420.00 ," 1,740.00 "," 2,492.66 "," 85,420.53 "," 20,408.96 "," 1,354.69 ",,,,,," (2,400.00)",, (203.20)," 17,805.75 "," 28,345.20 "," 62,296.83 "," 10,804.20 "," 17,076.30 ", 4.20 ,50," 62,292.63 ", 4.20 ," 25,698.57 "," 7,892.81 "," 1,354.69 "," 90,642.03 "," 121,229.13 ","-58,932.31 ",," 3,538.82 ",,Technical,1," 86,120.69 ",,,,, 203.20 ,,,
17,1017,A00000000Z17," 57,446.27 ",," 1,499.70 ",,, -   ," 58,945.97 ",," 2,872.31 ", 420.00 ," 1,740.00 "," 1,579.77 "," 53,913.66 "," 10,956.90 ", 862.13 ,,,,,," (2,400.00)",, (129.32)," 8,427.58 "," 15,901.79 "," 41,544.48 "," 7,484.63 "," 12,096.94 ",-0.37 ,50," 41,544.85 ", (0.37)," 14,530.43 "," 6,102.85 ", 862.13 ," 57,446.27 "," 78,676.99 ","-37,132.51 ",,"-2,261.16 ",,Technical,1," 54,580.78 ",,,,, 129.32 ,,,
18,1018,A00000000Z18," 47,802.18 ",," 2,053.50 ",,,," 49,855.68 ",," 2,390.11 ", 420.00 ," 1,740.00 "," 1,314.56 "," 45,305.57 "," 8,374.47 ", 725.34 ,," 2,000.00 ",,,," (3,915.00)",, (108.80)," 4,350.67 "," 12,940.68 "," 34,861.50 "," 6,520.22 "," 10,650.33 ",-7.06 ,50," 34,868.56 ", (7.06)," 4,714.96 ", 364.29 , 725.34 ," 47,802.18 "," 65,920.23 ","-31,058.73 ",," 1,023.21 ",,Technical,1," 45,417.75 ",,,,, 108.80 ,,,
19,1019,A00000000Z19," 52,559.75 ",," 1,499.72 ",,,," 54,059.46 ",," 2,627.99 ", 420.00 ," 1,740.00 "," 1,445.39 "," 49,271.47 "," 9,564.24 ", 780.09 ,," 2,000.00 ",,,," (2,400.00)",, (117.01)," 7,047.23 "," 16,060.70 "," 36,499.05 "," 6,995.97 "," 11,363.96 ", 7.06 ,50," 36,491.99 ", 7.06 ," 10,719.36 "," 3,672.13 ", 780.09 ," 52,559.75 "," 70,467.52 ","-33,968.47 ",," 11,363.96 ",,Technical,1," 49,938.00 ",,,,, 117.01 ,,,
20,1020,A00000000Z20," 52,582.89 ",," 1,500.00 ", -   ,,," 54,082.89 ",," 2,629.14 ", 420.00 ," 1,740.00 "," 1,446.03 "," 49,293.75 "," 9,570.93 ", 788.75 ,," 4,000.00 ",,,," (2,400.00)",, (118.31)," 7,052.61 "," 18,076.53 "," 34,506.36 "," 6,998.29 "," 11,367.43 ",-0.00 ,50," 34,506.36 ", (0.00)," 10,903.52 "," 3,850.90 ", 788.75 ," 52,582.89 "," 68,497.19 ","-33,990.83 ",," 3,114.77 ",,Technical,1," 49,960.00 ",,,,, 118.31 ,,,
21,1021,A00000000Z21," 47,802.45 ",," 1,500.00 ",,,," 49,302.45 ",," 2,390.12 ", 420.00 ," 1,740.00 "," 1,314.57 "," 44,752.32 "," 8,208.50 ", 717.04 ,," 2,000.00 ",,,," (2,400.00)",, (107.56)," 5,700.94 "," 14,282.67 "," 33,519.78 "," 6,520.24 "," 10,650.37 ", -   ,50," 33,519.78 ", -   ," 9,253.36 "," 3,552.42 ", 717.04 ," 47,802.45 "," 64,365.50 ","-30,845.72 ",," 1,719.67 ",,Technical,1," 45,418.00 ",,,,, 107.56 ,,,
22,1022,A00000000Z22," 47,802.18 ",," 1,500.00 ",,,," 49,302.18 ",," 2,390.11 ", 420.00 ," 1,740.00 "," 1,314.56 "," 44,752.07 "," 8,208.42 ", 717.03 ,,,,,," (2,400.00)",, (107.55)," 5,700.87 "," 12,282.57 "," 35,519.61 "," 6,520.22 "," 10,650.33 ", -   ,50," 35,519.61 ", -   ," 11,256.43 "," 5,555.56 ", 717.03 ," 47,802.18 "," 66,387.08 ","-30,867.46 ",," 1,716.33 ",,Technical,1," 45,417.75 ",,,,, 107.55 ,,,
23,,A00000000Z23, -   ,,,,,, -   ,,,,,, -   , -   , -   ,,,,,,,,, -   , -   , -   ,,, -   ,50,,," 6,229.96 "," 6,229.96 ",-22.50 , -   ," 66,365.43 ","-66,365.43 ",, -   ,,Technical,1," 45,417.75 ",,,,, -   ,,,
24,,A00000000Z24,,, -   ,,,, -   ,, -   ,,, -   , -   , -   , -   ,,,,,,,, -   , -   , -   , -   ,,, -   ,50,,," 6,229.96 "," 6,229.96 ", -   , -   ," 60,176.68 ","-60,176.68 ",, -   ,,Technical,1," 45,417.75 ",,,,, -   ,,,
25,1025,A00000000Z25," 47,802.18 ",," 1,493.18 ",,,," 49,295.36 ",, -   , 420.00 ," 1,740.00 "," 1,314.56 "," 47,135.36 "," 8,923.41 ", 717.03 ,, -   ,,,," (4,740.00)",, (107.55)," 4,075.85 "," 8,267.45 "," 39,534.74 ",,, -   ,50," 39,534.74 ", -   ," 6,229.09 "," 2,153.24 ", 717.03 ," 47,802.18 "," 62,954.94 ","-23,420.20 ",,"-8,252.70 ",,Technical,1," 45,417.75 ",,,,, 107.55 ,,,
26,1026,A00000000Z26," 44,415.50 ",," 1,500.00 ",,,," 45,915.50 ",," 2,220.78 ", 420.00 ," 1,740.00 "," 1,221.43 "," 41,534.73 "," 7,243.22 ", 666.23 ,," 2,500.00 ",,,," (2,400.00)",, (99.93)," 4,743.28 "," 13,511.72 "," 30,903.78 "," 6,181.55 "," 10,142.33 ", -   ,50," 30,903.78 ", -   ," 6,146.17 "," 1,402.89 ", 666.23 ," 44,415.50 "," 61,304.60 ","-30,400.82 ",," 1,889.66 ",,Technical,1," 42,200.00 ",,,,, 99.93 ,,,
27,1027,A00000000Z27," 44,415.50 ",," 1,500.00 ",,, -   ," 45,915.50 ",, -   , 420.00 ," 1,740.00 "," 1,221.43 "," 43,755.50 "," 7,909.45 ", 666.23 ,,,,,," (2,400.00)",, (99.93)," 5,409.52 "," 9,457.17 "," 34,958.33 ",,, -   ,50," 34,958.33 ", -   , -   ,"-5,409.52 ", 666.23 ," 44,415.50 "," 34,468.20 ", 490.13 ,,"-8,252.66 ",,Technical,1," 42,200.00 ",,,,, 99.93 ,,,
28,1028,A00000000Z28," 44,415.50 ",," 1,350.00 ",,,," 45,765.50 ",, -   , 420.00 ," 1,740.00 "," 1,221.43 "," 43,605.50 "," 7,864.45 ", 666.23 ,,,,,," (2,400.00)",, (99.93)," 5,364.52 "," 9,412.17 "," 35,003.33 ",,, -   ,50," 35,003.33 ", -   ,,, 666.23 ," 44,415.50 "," 34,468.20 ", 535.13 ,, -   ,,Technical,1," 42,200.00 ",,,,, 99.93 ,,,
29,1029,A00000000Z29," 44,415.50 ",," 1,500.00 ",,,," 45,915.50 ",, -   , 420.00 ," 1,740.00 "," 1,221.43 "," 43,755.50 "," 7,909.45 ", 666.23 ,,,,,," (2,400.00)",, (99.93)," 5,409.52 "," 9,457.17 "," 34,958.33 ",,, -   ,50," 34,958.33 ", -   ,,,,," 24,918.20 "," 10,040.13 ",, -   ,,Technical,1," 42,200.00 ",,,,, 99.93 ,,,
30,,A00000000Z30, -   ,, -   ,,,, -   ,,,,,, -   , -   , -   ,,,,,,,, -   , -   , -   , -   ,,, -   ,50, -   , -   ,,,,," 32,918.20 ","-32,918.20 ",, -   ,,Technical,1," 42,200.00 ",,,,, -   ,,,
31,1031,A00000000Z31," 143,447.99 ",," 2,090.40 ",,,," 145,538.39 ", -   ," 7,172.40 ", 420.00 ," 1,740.00 "," 3,944.82 "," 136,205.99 "," 35,644.60 "," 2,151.72 ",,,,," 15,000.00 "," (3,000.15)",, (322.76)," 32,321.69 "," 62,750.63 "," 80,697.36 "," 16,084.80 "," 24,997.20 ", -   ,50," 80,697.36 ", -   ," 29,135.86 ","-3,185.83 "," 2,151.72 "," 143,447.99 "," 178,174.29 ","-97,476.93 ",," 24,997.20 ",,Supervisor,1," 125,179.83 ",,,,, 322.76 ,,,
32,1032,A00000000Z32," 52,450.94 ",, 600.00 ," 5,437.22 ",," 10,728.60 "," 69,216.76 ",," 2,622.55 ", 420.00 ," 1,740.00 "," 1,442.40 "," 64,434.21 "," 14,113.06 ", 786.76 ," 15,000.00 ",,," 14,683.00 ",," (2,400.00)",, (118.01)," 11,595.05 "," 48,289.76 "," 20,327.00 "," 6,985.09 "," 11,347.64 ", -   ,50," 20,327.00 ", -   ," 15,963.73 "," 4,368.68 "," 1,029.25 "," 68,616.76 "," 82,257.76 ","-61,930.77 ",," 11,347.64 ",,MO,1," 49,834.63 ",,,,, 118.01 ,,,
33,1033,A00000000Z33," 60,593.30 ",, 600.00 ," 5,437.22 ",, -   ," 66,630.51 ",," 3,029.66 ", 420.00 ," 1,740.00 "," 1,666.32 "," 61,440.85 "," 13,215.05 ", 908.90 ,,,,,," (2,400.00)",, (136.33)," 10,678.72 "," 18,443.60 "," 47,586.91 "," 7,799.33 "," 12,568.99 ", -   ,50," 47,586.91 ", -   ," 11,487.71 ", 808.99 , 990.46 ," 66,030.51 "," 80,241.33 ","-32,654.42 ",," 12,568.99 ",,Supervisor,1," 52,575.53 ",,,,, 136.33 ,,,
34,1034,A00000000Z34," 45,513.54 ",, 600.00 ," 5,437.22 ",," 1,163.70 "," 52,714.46 ",," 2,275.68 ", 420.00 ," 1,740.00 "," 1,251.62 "," 48,278.78 "," 9,266.43 ", 682.70 ," 26,000.00 ",,,," 2,000.00 "," (2,400.00)",, (102.41)," 6,764.03 "," 41,134.03 "," 10,980.43 "," 6,291.35 "," 10,307.03 ", 0.00 ,50," 10,980.43 ", 0.00 ," 11,374.75 "," 4,610.72 ", 781.72 ," 52,114.46 "," 89,733.13 ","-78,752.70 ",," 10,307.03 ",,MO,1," 43,243.27 ",,,,, 102.41 ,,,
35,1035,A00000000Z35," 38,081.27 ",, 600.00 ," 5,437.22 ",, -   ," 44,118.48 ",," 1,904.06 ", 420.00 ," 1,740.00 "," 1,047.23 "," 40,054.42 "," 6,799.13 ", 571.22 ," 20,000.00 ",,,," 4,200.00 "," (2,400.00)",, (85.68)," 4,313.44 "," 34,195.96 "," 9,322.52 "," 5,548.13 "," 9,192.19 ", -   ,50," 9,322.52 ", -   ," 3,834.20 ",-479.24 , 652.78 ," 43,518.48 "," 54,064.35 ","-44,741.82 ",,"-11,024.78 ",,Warehouse,1," 34,857.00 ",,,,, 85.68 ,,,
36,1036,A00000000Z36," 41,047.50 ",, 600.00 ," 5,437.22 ",, -   ," 47,084.72 ",," 2,052.38 ", 420.00 ," 1,740.00 "," 1,128.81 "," 42,872.34 "," 7,644.50 ", 615.71 ," 10,000.00 ",,,,," (2,400.00)",, (92.36)," 5,152.15 "," 21,109.04 "," 25,375.68 "," 5,844.75 "," 9,637.13 ", -   ,50," 25,375.68 ", -   ," 8,400.81 "," 3,248.66 ", 697.27 ," 46,484.72 "," 76,858.65 ","-51,482.97 ",, 721.93 ,,Warehouse,1," 39,000.00 ",,,,, 92.36 ,,,
37,1037,A00000000Z37," 44,492.50 ",," 2,100.00 "," 5,437.22 ",, -   ," 52,029.72 ",," 2,224.63 ", 420.00 ," 1,740.00 "," 1,223.54 "," 47,645.09 "," 9,076.33 ", 667.39 ," 15,000.00 ",,,," 6,000.00 "," (2,774.25)",, (100.11)," 6,201.97 "," 33,477.53 "," 16,452.19 "," 6,189.25 "," 10,153.88 ", -   ,50," 16,452.19 ", -   ," 5,325.65 ",-876.32 , 748.95 ," 49,929.72 "," 50,008.21 ","-33,556.02 ",, 827.55 ,,Supervisor,1," 37,000.00 ",,,,, 100.11 ,,,
38,1038,A00000000Z38," 35,919.84 ",, 600.00 ," 5,437.22 ",, -   ," 41,957.06 ",," 1,795.99 ", 420.00 ," 1,740.00 ", 987.80 ," 38,001.07 "," 6,183.12 ", 538.80 ," 10,000.00 ",,,,," (2,400.00)",, (80.82)," 3,702.30 "," 19,184.89 "," 22,172.17 "," 5,331.98 "," 8,867.98 ", -   ,50," 22,172.17 ", -   ," 6,278.36 "," 2,576.06 ", 620.36 ," 41,357.06 "," 52,780.53 ","-30,608.35 ",, 941.49 ,,Warehouse,1," 32,287.50 ",,,,, 80.82 ,,,
39,1039,A00000000Z39," 38,942.50 ",, 600.00 ," 5,437.22 ",," 2,987.07 "," 47,966.78 ",," 1,947.13 ", 420.00 ," 1,740.00 "," 1,070.92 "," 43,859.66 "," 7,940.70 ", 584.14 ," 20,000.00 ",,," 5,833.00 "," 4,100.00 "," (2,400.00)",, (87.62)," 5,453.08 "," 41,148.26 "," 6,218.52 "," 5,634.25 "," 9,321.38 ", 0.00 ,50," 6,218.52 ", 0.00 ," 11,639.47 "," 6,186.39 ", 710.50 ," 47,366.78 "," 72,839.57 ","-66,621.05 ",," 2,652.83 ",,MO,1," 37,000.00 ",,,,, 87.62 ,,,
40,1040,A00000000Z40," 46,310.00 ",, 600.00 ," 5,437.22 ",, -   ," 52,347.22 ",," 2,315.50 ", 420.00 ," 1,740.00 "," 1,273.53 "," 47,871.72 "," 9,144.31 ", 694.65 ," 10,000.00 ",,,,," (2,400.00)",, (104.20)," 6,640.12 "," 23,083.79 "," 28,663.42 "," 6,371.00 "," 10,426.50 ", -   ,50," 28,663.42 ", -   ," 6,541.00 ",-99.12 , 776.21 ," 51,747.22 "," 79,539.90 ","-50,876.48 ",," 3,136.50 ",,MO,1," 44,000.00 ",,,,, 104.20 ,,,
41,1041,A00000000Z41," 46,310.00 ",, 600.00 ," 5,437.22 ",, -   ," 52,347.22 ",," 2,315.50 ", 420.00 ," 1,740.00 "," 1,273.53 "," 47,871.72 "," 9,144.31 ", 694.65 ," 10,000.00 ",,,," 2,000.00 "," (2,400.00)",, (104.20)," 6,640.12 "," 25,083.79 "," 26,663.42 "," 6,371.00 "," 10,426.50 ", -   ,50," 26,663.42 ", -   ," 9,189.10 "," 2,548.98 ", 776.21 ," 51,747.22 "," 90,302.40 ","-63,638.98 ",," 3,436.50 ",,MO,1," 44,000.00 ",,,,, 104.20 ,,,
42,1042,A00000000Z42," 37,890.00 ",, 600.00 ," 5,437.22 ",, 968.78 ," 44,895.99 ",," 1,894.50 ", 420.00 ," 1,740.00 "," 1,041.98 "," 40,841.49 "," 7,035.25 ", 568.35 ," 23,000.00 ",,,,," (2,400.00)",, (85.25)," 4,550.00 "," 33,214.82 "," 11,081.17 "," 5,529.00 "," 9,163.50 ", -   ,50," 11,081.17 ", -   ," 4,809.62 ", 259.62 , 664.44 ," 44,295.99 "," 58,967.40 ","-47,886.23 ",," 2,880.38 ",,Warehouse,1," 36,000.00 ",,,,, 85.25 ,,,
43,1043,A00000000Z43," 55,000.00 ", -   , 600.00 ," 5,437.22 ",, -   ," 61,037.22 ",, -   , 420.00 ," 1,740.00 "," 1,512.50 "," 58,877.22 "," 12,445.96 ", 825.00 ,,,,,," (2,400.00)",, (123.75)," 9,922.21 "," 14,419.71 "," 46,017.50 ",,, -   ,50," 46,017.50 ", -   ,,"-254,423.02 ", 915.56 ," 60,437.22 "," 31,561.20 "," 14,456.30 ",,"-6,990.00 ",,MO,1," 37,500.00 ",,,,, 123.75 ,,,
44,1044,A00000000Z44," 45,000.00 ", -   , 600.00 ," 5,437.22 ",," 2,301.14 "," 53,338.35 ",, -   , 420.00 ," 1,740.00 "," 1,237.50 "," 51,178.35 "," 10,136.31 ", 675.00 ," 25,000.00 "," 1,000.00 ",,,," (2,400.00)",, (101.25)," 7,635.06 "," 37,707.56 "," 15,030.80 ",,, -   ,50," 15,030.80 ", -   ,,,,,,,,"-8,040.00 ",,,,,,,,, 101.25 ,,,
45,1045,A00000000Z45," 24,000.00 ", -   , 600.00 ,,," 1,227.27 "," 25,827.27 ",, -   , 420.00 ," 1,093.64 ", 660.00 ," 24,313.64 "," 2,478.16 ", 360.00 ," 11,000.00 ",,,,," (2,400.00)",, (54.00), 24.16 ," 13,557.80 "," 11,669.48 ",,, -   ,50," 11,669.48 ", -   ,,,," 25,227.27 ",,,,,,,,,,,,, 54.00 ,,,
46,1046,A00000000Z46," 24,000.00 ", -   , 600.00 ,,," 3,272.73 "," 27,872.73 ",, -   , 420.00 ," 1,216.36 ", 660.00 ," 26,236.36 "," 2,958.84 ", 360.00 ," 3,000.00 ",,,,," (2,400.00)",, (54.00), 504.84 ," 6,161.20 "," 21,111.52 ",,, -   ,50," 21,111.52 ", -   ,,,," 27,272.73 ",,,,,,,,,,,,, 54.00 ,,,
47,1047,A00000000Z47," 24,000.00 ", -   , 600.00 ,,," 2,454.55 "," 27,054.55 ",, -   , 420.00 ," 1,167.27 ", 660.00 ," 25,467.27 "," 2,766.57 ", 360.00 ," 8,000.00 ",,,,," (2,400.00)",, (54.00), 312.57 ," 10,919.84 "," 15,534.70 ",,, -   ,50," 15,534.70 ", -   ,,,," 26,454.55 ",,,,,,,,,,,,, 54.00 ,,,
48,1048,A00000000Z48," 24,000.00 ", -   , 600.00 ,,," 1,636.36 "," 26,236.36 ",, -   , 420.00 ," 1,118.18 ", 660.00 ," 24,698.18 "," 2,574.30 ", 360.00 ,,,,,," (2,400.00)",, (54.00), 120.30 ," 2,678.48 "," 22,957.89 ",,, -   ,50," 22,957.89 ", -   ,,,," 25,636.36 ",,,,,,,,,,,,, 54.00 ,,,
49,1049,A00000000Z49," 24,000.00 ", -   , 600.00 ,,, 613.64 ," 25,213.64 ",, -   , 420.00 ," 1,056.82 ", 660.00 ," 23,736.82 ",, 360.00 ," 8,500.00 ",,,,,,,,," 10,996.82 "," 13,616.82 ",,, -   ,50," 13,616.82 ", -   ,,,," 24,613.64 ",,,,,,,,,,,,, -   ,,,
,,,,,,,,,,,,,,,,,,,,,,,,,,,,,,,,,,,,,,,,,,,,,,,,,,, -   ,,,
,Totals,," 6,061,440.60 ", -   ," 735,284.26 "," 97,869.87 ", -   ," 299,309.78 "," 7,193,904.51 "," 20,548.04 "," 251,471.56 "," 19,320.00 "," 76,992.27 "," 166,689.62 "," 6,846,120.68 "," 1,813,655.49 "," 90,921.61 "," 282,853.00 "," 23,500.00 "," 62,499.00 "," 76,050.00 "," 36,900.00 "," (116,810.03)", -   ," (11,693.38)"," 1,685,152.08 "," 2,792,897.18 "," 3,665,723.07 "," 585,199.19 "," 907,378.79 ","-1,598.44 "," 2,400.00 "," 3,665,723.07 ", 0.00 ,,,#REF!,,,,,,,,," 5,323,963.20 ",,,,,,,,
,,,,,,,,,,,,,,,,,,,,,,,,,,,,,,,,,,,,,,,,,,,,,,,,,,,,,,
,,,,,,,," 25,227.27 "," 6,458,620.25 "," 20,548.04 "," 754,414.67 "," 38,640.00 "," 153,984.55 "," 166,689.62 "," 6,846,120.68 "," 1,813,655.49 "," 90,921.61 "," 282,853.00 "," 23,500.00 "," 62,499.00 "," 76,050.00 "," 36,900.00 "," (116,810.03)", -   ,," 1,685,152.09 "," 3,403,845.95 "," 3,665,723.07 "," 59,160.00 "," 295,520.02 ",,,,,,,,,,,,,,,,,,,,,,,,
,,,   ,,,,, CHK ,,," 185,424.06 ",,,,,,,,,,,,,,, 0.00 ," 8,143,708.29 ", -   ," 526,039.19 ",,,,,,,,,,,,,,,,,,,,,,,,,
,1,Production-512,1,,1,,,," 735,284.26 ",,"-6,751.96 ", 720.00 ,,,,,,,,,,,,,,,,," 591,193.65 ",,,,,,,,,,,,,,,,,,,,,,,,,
,2,Finance,4, 2.00 , 2.00 ,,, ,,,"-20,255.88 ",,,,,,,,,,,,,,,,,,526039.1918, -   ,,,,,,,,,,,,,,,,,,,,,,,,
,3,General Manager,1,,1,,,,,,,," 385,249.09 "," 166,689.62 "," 6,846,120.68 "," 1,813,655.49 "," 90,921.61 "," 282,853.00 "," 23,500.00 "," 62,499.00 "," 76,050.00 "," 36,900.00 "," (116,810.03)", -   ,," 1,685,152.08 "," 2,792,897.18 "," 3,665,723.07 ",,,,," 3,665,723.07 ", 0.00 ,,,,,,,,,,,,,,,,,,,,
,4,TC,9, 2.00 ,6,,,, ,," 252,219.60 ",,,,,,,,,,,,,,,,,,,,,,,,,,,,,,,,,,,,,,,,,,,
,5,TA,12,6,9,,,,,,," 38,640.00 "," 11,520.00 ",,,," 181,843.22 ",95000,,,,,,,," 1,710,938.37 ",,,,,,,,,,,,,,,,,,,,,,,,,,,,
,6,Production-511,19,1,18,,,,,,Casuals," 1,800.00 "," 6,690.00 ",,,,,   ,,, MWANANCHI , CA , TOTAL ,,,"-25,786.29 ",,,,,,,,,,,,,,,,,,,,,,,,,,,,
,,,46, 11.00 , 37.00 ,,,, ,,," 40,440.00 ",,,,AX,," 2,653,029.20 ",JKK,," 34,334.00 "," 20,833.00 "," 55,167.00 ",,,,,,,,,,,,,,,,,,,,,,,,,,,,,,,
,,,,,,,,,,,," 80,880.00 "," 18,210.00 "," 99,090.00 ",,,," 2,589,676.20 ",MO,, -   ," 20,833.00 "," 20,833.00 ",,,,,,,,,,,,,,,,,,,,,,,,,,,,,,,
,,,,,,,,,,,,,18210, -   ,,,,,DMM,," 14,683.00 ",," 14,683.00 ",,,,,,,,,,,,,,,,,,,,,,,,,,,,,,,
,,Part time,,,,,,Reconciliation,,,,," 2,187.27 ",,,,,,VO,, -   ,, -   ,,,,,,,,,,,,,,,,,,,,,,,,,,,,,,,
,,,,,,,, Summary ," 6,458,620.25 ",Temp- 41500,,," 2,432.73 ",,,,,,AS,, -   ,, -   ,,,,,,,,,,   ,,,,,,,,,,,,,,,,,,,,,
,,,0,,,,, Diff ," 27,353.83 ",OT -GL 41080,," 27,353.83 "," 2,334.55 ",,,,,,AM,," 5,833.00 ",," 5,833.00 ",,,,,,,,,,,,,,,,,,,,,,,,,,,,,,,
,,,,,,,, Accrual ,,Bonus/Comm,, -   ," 2,236.36 ",,,,,,CMB,," 21,200.00 "," 20,833.00 "," 42,033.00 ",,,,,,,,,,,,,,,,,,,,,,,,,,,,,,,
,,TOTAL,46,,,,, TOTAL ," 6,431,266.42 ",,," 27,353.83 "," 2,113.64 ",,,,,,,," 76,050.00 "," 62,499.00 "," 138,549.00 ",,,,,,,,,,,,,,,,,,,,,,,,,,,,,,,
,,Male,36,78%,,,,AX,"6,431,266.42",,,,,,,,,,,,,,,,,,,,,,,,,,,,,,,,,,,,,,,,,,,,,
,,Female,10,22%,,,,Var, 0.00 ," 63,353.00 ",,,,,,,,,,,,,,,,,,,,,,,,,,,,,,,,,,,,,,,,,,,,
,,,46,100%,, -   ,,,,,,,,,,,,,,,,,,,,,,,,,,,,,,,,,,,,,,,,,,,,,,,,
,,,,,, Bonus ,, Salary ,,,,,,,,,,,,,,,,,,,,,,,,,, ,,,,,,,,,,,,,,,,,,,,
," 30,313.94 ",Finance," 1,397,855.30 ", -   ," 1,397,855.30 ", -   ,," 1,397,855.30 ",,,,,,,,,,,,,,,,,,,,,,,,,,,,,,,,,,,,,,,,,,,,,,
,,Technical," 2,225,722.79 "," 68,353.00 "," 2,157,369.79 ", -   ,," 2,157,369.79 ",,,,,,,,,,,,,,,,,,,,,,,,,,,,,,,,,,,,,,,,,,,,,,
,,OT, -   ,,,,,,,,,,,,,,,,,,,,,,,,,,,,,,,,,,,,,,,,,,,,,,,,,,,
,,AOT," 370,229.11 ", -   ," 370,229.11 ", -   ,," 370,229.11 ",,,,,,,,,,,,,,,,,,,,,,,,,,,,,,,,,,,,,,,,,,,,,,
,,General Manager," 497,422.35 ", -   ," 497,422.35 ", -   ,," 497,422.35 ",,,,,,,,,,,,,,,,,,,,,,,,,,,,,,,,,,,,,,,,,,,,,,
,,Production," 949,037.01 "," 214,500.00 "," 734,537.01 ", -   ,," 707,183.18 ",,,,,,,,,,,,,,,,,,,,,,,,,,,,,,,,,,,,,,,,,,,,,,
,,OT," 27,353.83 ",," 27,353.83 ",,,,,,,,,,,,,,,,,,,,,,,,,,,,,,,,,,,,,,,,,,,,,,,,,
,,Production-OH," 398,051.75 ",," 398,051.75 ", -   ,," 398,051.75 ",,,,,,,,,,,,,,,,,,,,,,,,,,,,,,,,,,,,,,,,,,,,,,
,,TA'S," 620,301.93 ", -   ," 620,301.93 ", -   ,," 620,301.93 ",,,,,,,,,,,,,,,,,,,,,,,,,,,,,,,,,,,,,,,,,,,,,,
,,OT, -   ,,,,,,,,,,,,,,,,,,,,,,,,,,,,,,,,,,,,,,,,,,,,,,,,,,,
,,,,,,,,, -   ,,,,,,,,,,,,,,,,,,,,,,,,,,,,,,,,,,,,,,,,,,,,,
,,," 6,485,974.08 "," 282,853.00 "," 6,203,121.07 ", -   ,," 6,148,413.42 ",,,,,,,,,,,,,,,,,,,,,,,,,,,,,,,,,,,,,,,,,,,,,,
,,,,,,,,, ,,,,,,,,,,,,,,,,,,,,,,,,,,,,,,,,,,,,,,,,,,,,,
,,,," 6,148,413.42 ",,,,,,,,,,,,,,,,,,,,,,,,,,,,,,,,,,,,,,,,,,,,,,,,,,
,,,,,,,,,,,,,,,,,,,,,,,,,,,,,,,,,,,,,,,,,,,,,,,,,,,,,,
,,,,,,41000,,DR,CR,,,,,,,,,,,,,,,,,,,,,,,,,,,,,,,,,,,,,,,,,,,,,
,,,,,,,,,,,,,,,,,,,,,,,,,,,,,,,,,,,,,,,,,,,,,,,,,,,,,,
,,,,,,41000,," 1,397,855.30 ",,,121,,,,,,,,,,,,,,,,,,,,,,,,,,,,,,,,,,,,,,,,,,,
,,,,,,41000,," 248,711.18 ",," 1,646,566.48 ",121,,, 50% GM ,,,,,,,,,,,,,,,,,,,,,,,,,,,,,,,,,,,,,,,,
,,,,,,41000,," 2,157,369.79 ",," 2,157,369.79 ",204,,,,,,,,,,,,,,,,,,,,,,,,,,,,,,,,,,,,,,,,,,,
,, ,,,,41000,," 370,229.11 ",," 370,229.11 ",205,,,,,,,,,,,,,,,,,,,,,,,,,,,,,,,,,,,,,,,,,,,
,,,,,,41000,," 707,183.18 ",," 707,183.18 ",511,,,,,,,,,,,,,,,,,,,,,,,,,,,,,,,,,,,,,,,,,,,
,,,,,,41000,," 398,051.75 ",,,512,,,,,,,,,,,,,,,,,,,,,,,,,,,,,,,,,,,,,,,,,,,
,,,,,,41000,," 248,711.18 ",," 646,762.93 ",512,," 6,148,413.42 ", 50% GM ,,,,,,,,,,,,,,,,,,,,,,,,,,,,,,,,,,,,,,,,
,,,,,,41000,," 620,301.93 ",," 620,301.93 ",206,,,TA,,,,,,,,,,,,,,,,,,,,,,,,,,,,,,,,,,,,,,,,
,,,,,2,41770,," 4,320.00 "," 2,160.00 "," 2,160.00 ",512,,,,,,,,,,,,,,,,,,,,,,,,,,,,,,,,,,,,,,,,,,,
,,,,,19,41770,," 37,992.27 "," 18,996.14 "," 18,996.14 ",511,,,ps,,,,,,,,,,,,,,,,,,,,,,,,,,,,,,,,,,,,,,,,
,,,11740, Casuals=0 ,0,41770,, -   , -   , -   ,511,,,Casual,Statutory,,,,,,,,,,,,,,,,,,,,,,,,,,,,,,,,,,,,,,,
,,," 11,740.00 ",,4,41770,," 8,640.00 "," 4,320.00 "," 4,320.00 ",121,,,PS,,,,,,,,,,,,,,,,,,,,,,,,,,,,,,,,,,,,,,,,
,,,, -   ,8,41770,," 17,280.00 "," 8,640.00 "," 8,640.00 ",204,,,PS/TP,,,,,,,,,,,,,,,,,,,,,,,,,,,,,,,,,,,,,,,,
,,,," 192,624.55 ",1,41770,," 2,160.00 "," 1,080.00 "," 1,080.00 ",205,,,,,,,,,,,,,,,,,,,,,,,,,,,,,,,,,,,,,,,,,,,
,,,,46,12,41770,," 25,920.00 ",,,206,,,TA,,,,,,,,,,,,,,,,,,,,,,,,,,,,,,,,,,,,,,,,
,,,,,,,,,EE-5%,ER-10%,,,,,,,,,,,,,,,,,,,,,,,,,,,,,,,,,,,,,,,,,,,,
,,,,4,,41800,," 138,698.09 "," 69,349.04 "," 138,698.09 ",121,,,,,,,,,,,,,,,,,,,,,,,,,,,,,,,,,,,,,,,,,,,
,,,,0.5,,41800,," 22,019.14 "," 11,009.57 "," 22,019.14 ",121,,,,," 160,717.23 ",,,,,,,,,,,,,,,,,,,,,,,,,,,,,,,,,,,,,,
,,,,7,,41800,," 164,717.38 "," 89,858.69 "," 179,717.38 ",204,,,,,,,,,,,,,,,,,,,,,,,,,,,,,,,,,,,,,,,,,,,
,,,,1,,41800,," 31,575.00 "," 15,787.50 "," 31,575.00 ",205,,,,,,,,,,,,,,,,,,,,,,,,,,,,,,,,,,,,,,,,,,,
,,,,12,,41800,," 63,099.94 "," 31,549.97 "," 63,099.94 ",511,,,,Pension fund,,,,,,,,,,,,,,,,,,,,,,,,,,,,,,,,,,,,,,,
,,,,1,,41800,," 39,805.18 "," 19,902.59 "," 39,805.18 ",512,,,," 175,346.40 ",,,,,,,,,,,,,,,,,,,,,,,,,,,,,,,,,,,,,,,
,,,,0.5,,41800,," 22,019.14 "," 11,009.57 "," 22,019.14 ",512,,,," 270,519.60 "," 61,824.32 ",,,,,,,,,,,,,,,,,,,,,,,,,,,,,,,,,,,,,,
,,,,8,,41800,," 44,105.32 "," 22,052.66 "," 44,105.32 ",206,,,," 541,039.19 "," 285,519.60 ",,,,,,,,,,,,,,,,,,,,,,,,,,,,,,,,,,,,,,
,,,,34,8,STUDY-41500,, 400.00 ," 396,637.75 ",,204,,,,"-95,820.00 ",,,,,,,,,,,,,,,,,,,,,,,,,,,,,,,,,,,,,,,
,,,,,1,STUDY-41500,, 50.00 ," 39,663.77 ",,205,,,,,,,,,,,,,,,,,,,,,,,,,,,,,,,,,,,,,,,,,,,
,,,,,4,STUDY-41500,, 200.00 ,,,121,,,, ,,,,,,,,,,,,,,,,,,,,,,,,,,,,,,,,,,,,,,,
,,,, Casuals=0 ,19,STUDY-41500,, 950.00 ,,,511,,,,,,,,,,,,,,,,,,,,,,,,,,,,,,,,,,,,,,,,,,,
,,,,,2,STUDY-41500,, 100.00 ,,,512,,,,,,,,,,,,,,,,,,,,,,,,,,,,,,,,,,,,,,,,,,,
,,,,46,12,STUDY-41500,, 600.00 ,,,206,,,TA,,,,,,,,,,,,,,,,,,,,,,,,,,,,,,,,,,,,,,,,
,,,,,,41100,," 27,353.83 ",,,511,,,OT,,,,,,,,,,,,,,,,,,,,,,,,,,,,,,,,,,,,,,,,
,,,,,,41100,, -   ,,,206,,,TA,,,,,,,,,,,,,,,,,,,,,,,,,,,,,,,,,,,,,,,,
,,,,,,45229,,,,,511,,,,,,,,,,,,,,,,,,,,,,,,,,,,,,,,,,,,,,,,,,,
1,Redbad Verduijn,,,,,41100,, -   ,,,204,,,,,,,,,,,,,,,,,,,,,,,,,,,,,,,,,,,,,,,,,,,
2,Ivy Atieno,,,,,41100,,,,,511,,,OT,,,,,,,,,,,,,,,,,,,,,,,,,,,,,,,,,,,,,,,,
3,Keziah Kiarie,,,,,41051,, -   ,,,121,,,BNS,,,,,,,,,,,,,,,,,,,,,,,,,,,,,,,,,,,,,,,,
,,,,,,41051,, -   ,,,121,,, 50% GM ,,,,,,,,,,,,,,,,,,,,,,,,,,,,,,,,,,,,,,,,
,,,,,,41051/41090,, -   ,,,204,,,BNS,,,,,,,,,,,,,,,,,,,,,,,,,,,,,,,,,,,,,,,,
,,,,,,41051,, -   ,,,206,,,TA,,,,,,,,,,,,,,,,,,,,,,,,,,,,,,,,,,,,,,,,
,,,,,,41051,, -   ,,,205,,,,,,,,,,,,,,,,,,,,,,,,,,,,,,,,,,,,,,,,,,,
,,,,,,41051,, -   ,,,511,,,BNS,,,,,,,,,,,,,,,,,,,,,,,,,,,,,,,,,,,,,,,,
,,,,,,41051,, -   ,,,512,,,BNS,,,,,,,,,,,,,,,,,,,,,,,,,,,,,,,,,,,,,,,,
,,,,,,41051,, -   ,,,512,,, 50% GM ,,,,,,,,,,,,,,,,,,,,,,,,,,,,,,,,,,,,,,,,
,,,,Housing levy,2,41770,," 12,576.52 ",,,512,,,,,,,,,,,,,,,,,,,,,,,,,,,,,,,,,,,,,,,,,,,
,,,,,19,41770,," 12,764.99 ",,,511,,,,,,,,,,,,,,,,,,,,,,,,,,,,,,,,,,,,,,,,,,,
,,,, Casuals=0 ,0,41770,, -   ,,,511,,,,,,,,,,,,,,,,,,,,,,,,,,,,,,,,,,,,,,,,,,,
,,,,,4,41770,," 20,804.71 ",,,121,,,,,,,,,,,,,,,,,,,,,,,,,,,,,,,,,,,,,,,,,,,
,,,," 90,921.61 ",8,41770,," 30,700.86 ",,,204,,,,,,,,,,,,,,,,,,,,,,,,,,,,,,,,,,,,,,,,,,,
,,,,,1,41770,," 4,747.50 ",,,205,,,,,,,,,,,,,,,,,,,,,,,,,,,,,,,,,,,,,,,,,,,
,,,,46,12,41770,," 9,327.03 ",,,206,,,,,,,,,,,,,,,,,,,,,,,,,,,,,,,,,,,,,,,,,,,
,,,,,,,,,,,,,,,,,,,,,,,,,,,,,,,,,,,,,,,,,,,,,,,,,,,,,,
,,,,,,,,,,,,,,,,,,,,,,,,,,,,,,,,,,,,,,,,,,,,,,,,,,,,,,
,,,,,,,,,,,,,,,,,,,,,,,,,,,,,,,,,,,,,,,,,,,,,,,,,,,,,,
,,,,,,,,,,,,,,,,,,,,,,,,,,,,,,,,,,,,,,,,,,,,,,,,,,,,,,
,,,,,,,,,,,,,,,,,,,,,,,,,,,,,,,,,,,,,,,,,,,,,,,,,,,,,,
,,,,,,42230,,,,,,,,,,,,,,,,,,,,,,,,,,,,,,,,,,,,,,,,,,,,,,,,
,,,,,,7520,,,,,,,,,,,,,,,,,,,,,,,,,,,,,,,,,,,,,,,,,,,,,,,,
,,,,,,7520,,,,,,Accrue,Paid,,,,,,,,,,,,,,,,,,,,,,,,,,,,,,,,,,,,,,,,,
,,,,,,11500,,," 3,665,723.07 ", NET SALARY ,,,,,,,,,,,,,,,,,,,,,,,,,,,,,,,,,,,,,,,,,,,,
,,,,,,11500,,," 74,304.55 ",NSSF,,," 74,304.55 ",50610," 23,694.55 ",,,,,,,,,,,,,,,,,,,,,,,,,,,,,,,,,,,,,,,
,,,,,,11500,,," 9,000.00 ",PRS 90000/11067,,,,,,,,,,,,,,,,,,,,,,,,,,,,,,,,,,,,,,,,,,,,
,,,,,,11500,,," 23,500.00 ",HELB,, HELB ,,,,,,,,,,,,,,,,,,,,,,,,,,,,,,,,,,,,,,,,,,
,,,,,,11500,,," 76,050.00 ",LOANS,,LOANS,,,,,,,,,,,,,,,,,,,,,,,,,,,,,,,,,,,,,,,,,,
,,,,,,11500,,," 36,900.00 ",SACCO,,SACCO,,,,,,,,,,,,,,,,,,,,,,,,,,,,,,,,,,,,,,,,,,
,,,,,,11500,,," 907,378.79 ",PENSION CO,,PENSION,,,,,,,,,,,,,,,,,,,,,,,,,,,,,,,,,,,,,,,,,,
,,,,,,11500,,,,,,TIER 2,,,,,,,,,,,,,,,,,,,,,,,,,,,,,,,,,,,,,,,,,,
,,,,,,18150,,," 166,689.62 ", SHIF ,,," 166,689.62 ",,,,,,,,,,,,,,,,,,,,,,,,,,,,,,,,,,,,,,,,,
,,,,,,18150,,," 1,685,152.08 ", NET SALARY ,,PAYE,,,,,,,,,,,,,,,,,,,,,,,,,,,,,,,,,,,,,,,,,,
,,,,,,18150,,," 2,300.00 ", NITA ,,NITA," 2,300.00 ",,,,,,,,,,,,,,,,,,,,,,,,,,,,,,,,,,,,,,,,,
,,,,,,18150,,," 181,843.22 ", AHL ,,AHL,,,,,,,,,,,,,,,,,,,,,,,,,,,,,,,,,,,,,,,,,,
,,,,,,14320,,," 62,499.00 ",,,,,,,,,,,,,,,,,,,,,,,,,,,,,,,,,,,,,,,,,,,,,
,,,,,,,,,,,,,,,,,,,,,,,,,,,,,,,,,,,,,,,,,,,,,,,,,,,,,,
,,,,,,,," 6,891,340.32 "," 6,891,340.32 ",,,,,,,,,,,,,,,,,,,,,,,,,,,,,,,,,,,,,,,,,,,,,
,,,,,,,,,,,,,,,,,,,,,,,,,,,,,,,,,,,,,,,,,,,,,,,,,,,,,,
,,,,,,,,, 0.00 ," 87,666.00 ",,,,,,,,,,,,,,,,,,,,,,,,,,,,,,,,,,,,,,,,,,,,
,,,,,,AX,,,," 13,361.45 ",,,,,,,,,,,,,,,,,,,,,,,,,,,,,,,,,,,,,,,,,,,,
,,,,,,,,,,,,,,,,,,,,,,,,,,,,,,,,,,,,,,,,,,,,,,,,,,,,,,
,,,,,,,,," 6,061,440.60 ",,,,,,,,,,,,,,,,,,,,,,,,,,,,,,,,,,,,,,,,,,,,,
,,,,,,,,AHL," 90,921.61 ",,,,,,,,,,,,,,,,,,,,,,,,,,,,,,,,,,,,,,,,,,,,,
,,,,,,,,NSSF," 96,312.27 ",,,,,,,,,,,,,,,,,,,,,,,,,,,,,,,,,,,,,,,,,,,,,
,,,,,,,,NITA," 2,300.00 ",,,,,,,,,,,,,,,,,,,,,,,,,,,,,,,,,,,,,,,,,,,,,
,,,,,,,,PENSION," 585,199.19 ",,,,,,,,,,,,,,,,,,,,,,,,,,,,,,,,,,,,,,,,,,,,,
,,,,,,,,,,,,,,,,,,,,,,,,,,,,,,,,,,,,,,,,,,,,,,,,,,,,,,
,,,,,,,,," 6,836,173.67 ",,,,,,,,,,,,,,,,,,,,,,,,,,,,,,,,,,,,,,,,,,,,,
,,,,,,,,,400000,,,,,,,,,,,,,,,,,,,,,,,,,,,,,,,,,,,,,,,,,,,,,
,,,,,,,,," 7,236,173.67 ",,,,,,,,,,,,,,,,,,,,,,,,,,,,,,,,,,,,,,,,,,,,,
,,,,,,,,," 5,551,021.59 ",,,,,,,,,,,,,,,,,,,,,,,,,,,,,,,,,,,,,,,,,,,,,
